"year_end","team_id","fran_id","elo_n","MaxElo"
1991,"ATL","Hawks",1576.3354,1576.3354
1991,"BKN","Nets",1384.2858,1384.2858
1991,"BOS","Celtics",1676.9899,1676.9899
1991,"CHA","Hornets",1397.4133,1397.4133
1991,"CHI","Bulls",1785.245,1785.245
1991,"CLE","Cavaliers",1560.4244,1560.4244
1991,"DAL","Mavericks",1531.7303,1531.7303
1991,"DEN","Nuggets",1469.3442,1469.3442
1991,"DET","Pistons",1693.1362,1693.1362
1991,"GSW","Warriors",1557.9408,1557.9408
1991,"HOU","Rockets",1651.9435,1651.9435
1991,"IND","Pacers",1529.5189,1529.5189
1991,"LAC","Clippers",1449.3525,1449.3525
1991,"LAL","Lakers",1705.1174,1705.1174
1991,"MIA","Heat",1346.4865,1346.4865
1991,"MIL","Bucks",1605.6565,1605.6565
1991,"MIN","Timberwolves",1407.597,1407.597
1991,"NYK","Knicks",1525.0953,1525.0953
1991,"OKC","Thunder",1533.9608,1533.9608
1991,"ORL","Magic",1445.7169,1445.7169
1991,"PHI","Sixers",1566.5555,1566.5555
1991,"PHO","Suns",1677.7751,1677.7751
1991,"POR","Trailblazers",1710.6281,1710.6281
1991,"SAC","Kings",1365.5752,1365.5752
1991,"SAS","Spurs",1669.0737,1669.0737
1991,"UTA","Jazz",1623.8385,1623.8385
1991,"WAS","Wizards",1466.1833,1466.1833
1992,"ATL","Hawks",1527.3722,1527.3722
1992,"BKN","Nets",1510.2008,1510.2008
1992,"BOS","Celtics",1643.3167,1643.3167
1992,"CHA","Hornets",1481.7877,1481.7877
1992,"CHI","Bulls",1782.1224,1782.1224
1992,"CLE","Cavaliers",1680.9753,1680.9753
1992,"DAL","Mavericks",1412.4019,1412.4019
1992,"DEN","Nuggets",1385.2906,1385.2906
1992,"DET","Pistons",1604.2573,1604.2573
1992,"GSW","Warriors",1605.2174,1605.2174
1992,"HOU","Rockets",1573.675,1573.675
1992,"IND","Pacers",1549.6445,1549.6445
1992,"LAC","Clippers",1572.8749,1572.8749
1992,"LAL","Lakers",1632.7195,1632.7195
1992,"MIA","Heat",1442.2875,1442.2875
1992,"MIL","Bucks",1526.9202,1526.9202
1992,"MIN","Timberwolves",1420.9362,1420.9362
1992,"NYK","Knicks",1626.2737,1626.2737
1992,"OKC","Thunder",1599.9219,1599.9219
1992,"ORL","Magic",1482.2996,1482.2996
1992,"PHI","Sixers",1527.7761,1527.7761
1992,"PHO","Suns",1646.6823,1646.6823
1992,"POR","Trailblazers",1707.6542,1707.6542
1992,"SAC","Kings",1399.9952,1399.9952
1992,"SAS","Spurs",1619.5494,1619.5494
1992,"UTA","Jazz",1659.5172,1659.5172
1992,"WAS","Wizards",1421.5116,1421.5116
1993,"ATL","Hawks",1554.0016,1554.0016
1993,"BKN","Nets",1598.4889,1598.4889
1993,"BOS","Celtics",1603.6565,1603.6565
1993,"CHA","Hornets",1520.8497,1520.8497
1993,"CHI","Bulls",1755.1117,1755.1117
1993,"CLE","Cavaliers",1678.0421,1678.0421
1993,"DAL","Mavericks",1323.0702,1323.0702
1993,"DEN","Nuggets",1471.5924,1471.5924
1993,"DET","Pistons",1547.5435,1547.5435
1993,"GSW","Warriors",1588.8365,1588.8365
1993,"HOU","Rockets",1682.3569,1682.3569
1993,"IND","Pacers",1555.7987,1555.7987
1993,"LAC","Clippers",1587.5403,1587.5403
1993,"LAL","Lakers",1534.7748,1534.7748
1993,"MIA","Heat",1536.6332,1536.6332
1993,"MIL","Bucks",1502.5555,1502.5555
1993,"MIN","Timberwolves",1342.0056,1342.0056
1993,"NYK","Knicks",1708.8466,1708.8466
1993,"OKC","Thunder",1669.0829,1669.0829
1993,"ORL","Magic",1516.78,1516.78
1993,"PHI","Sixers",1462.691,1462.691
1993,"PHO","Suns",1714.6533,1714.6533
1993,"POR","Trailblazers",1682.0175,1682.0175
1993,"SAC","Kings",1452.457,1452.457
1993,"SAS","Spurs",1661.0004,1661.0004
1993,"UTA","Jazz",1611.9023,1611.9023
1993,"WAS","Wizards",1396.7218,1396.7218
1994,"ATL","Hawks",1644.208,1644.208
1994,"BKN","Nets",1569.6471,1569.6471
1994,"BOS","Celtics",1552.9821,1552.9821
1994,"CHA","Hornets",1564.663,1564.663
1994,"CHI","Bulls",1685.6691,1685.6691
1994,"CLE","Cavaliers",1634.4977,1634.4977
1994,"DAL","Mavericks",1278.9762,1278.9762
1994,"DEN","Nuggets",1606.1677,1606.1677
1994,"DET","Pistons",1521.5294,1521.5294
1994,"GSW","Warriors",1576.2949,1576.2949
1994,"HOU","Rockets",1699.538,1699.538
1994,"IND","Pacers",1659.4332,1659.4332
1994,"LAC","Clippers",1514.7515,1514.7515
1994,"LAL","Lakers",1475.1458,1475.1458
1994,"MIA","Heat",1617.4628,1617.4628
1994,"MIL","Bucks",1406.7817,1406.7817
1994,"MIN","Timberwolves",1374.7526,1374.7526
1994,"NYK","Knicks",1700.5853,1700.5853
1994,"OKC","Thunder",1716.6276,1716.6276
1994,"ORL","Magic",1621.5413,1621.5413
1994,"PHI","Sixers",1460.5262,1460.5262
1994,"PHO","Suns",1686.7377,1686.7377
1994,"POR","Trailblazers",1624.7656,1624.7656
1994,"SAC","Kings",1410.2943,1410.2943
1994,"SAS","Spurs",1677.1987,1677.1987
1994,"UTA","Jazz",1659.4875,1659.4875
1994,"WAS","Wizards",1401.5055,1401.5055
1995,"ATL","Hawks",1572.6249,1572.6249
1995,"BKN","Nets",1530.0326,1530.0326
1995,"BOS","Celtics",1486.9713,1486.9713
1995,"CHA","Hornets",1601.2064,1601.2064
1995,"CHI","Bulls",1647.8564,1647.8564
1995,"CLE","Cavaliers",1603.0828,1603.0828
1995,"DAL","Mavericks",1484.8683,1484.8683
1995,"DEN","Nuggets",1597.4149,1597.4149
1995,"DET","Pistons",1378.1752,1378.1752
1995,"GSW","Warriors",1582.5081,1582.5081
1995,"HOU","Rockets",1687.149,1687.149
1995,"IND","Pacers",1642.6066,1642.6066
1995,"LAC","Clippers",1373.8621,1373.8621
1995,"LAL","Lakers",1559.6167,1559.6167
1995,"MIA","Heat",1505.4093,1505.4093
1995,"MIL","Bucks",1407.5898,1407.5898
1995,"MIN","Timberwolves",1340.3752,1340.3752
1995,"NYK","Knicks",1642.8167,1642.8167
1995,"OKC","Thunder",1717.171,1717.171
1995,"ORL","Magic",1690.1198,1690.1198
1995,"PHI","Sixers",1407.0817,1407.0817
1995,"PHO","Suns",1673.1008,1673.1008
1995,"POR","Trailblazers",1614.1857,1614.1857
1995,"SAC","Kings",1515.9448,1515.9448
1995,"SAS","Spurs",1717.8813,1717.8813
1995,"UTA","Jazz",1710.618,1710.618
1995,"WAS","Wizards",1427.8,1427.8
1996,"ATL","Hawks",1579.1366,1579.1366
1996,"BKN","Nets",1446.7733,1446.7733
1996,"BOS","Celtics",1465.535,1465.535
1996,"CHA","Hornets",1538.5004,1538.5004
1996,"CHI","Bulls",1853.1045,1853.1045
1996,"CLE","Cavaliers",1566.1885,1566.1885
1996,"DAL","Mavericks",1495.6373,1495.6373
1996,"DEN","Nuggets",1546.9574,1546.9574
1996,"DET","Pistons",1562.4604,1562.4604
1996,"GSW","Warriors",1476.1918,1476.1918
1996,"HOU","Rockets",1678.6807,1678.6807
1996,"IND","Pacers",1650.1819,1650.1819
1996,"LAC","Clippers",1425.5018,1425.5018
1996,"LAL","Lakers",1659.8656,1659.8656
1996,"MIA","Heat",1558.7076,1558.7076
1996,"MIL","Bucks",1438.2195,1438.2195
1996,"MIN","Timberwolves",1386.2231,1386.2231
1996,"NYK","Knicks",1647.6053,1647.6053
1996,"OKC","Thunder",1730.8632,1730.8632
1996,"ORL","Magic",1675.1044,1675.1044
1996,"PHI","Sixers",1389.5454,1389.5454
1996,"PHO","Suns",1582.6678,1582.6678
1996,"POR","Trailblazers",1584.1161,1584.1161
1996,"SAC","Kings",1542.3365,1542.3365
1996,"SAS","Spurs",1707.7166,1707.7166
1996,"TOR","Raptors",1323.2456,1323.2456
1996,"UTA","Jazz",1691.005,1691.005
1996,"VAN","Grizzlies",1331.2798,1331.2798
1996,"WAS","Wizards",1547.1453,1547.1453
1997,"ATL","Hawks",1657.5612,1657.5612
1997,"BKN","Nets",1408.0433,1408.0433
1997,"BOS","Celtics",1442.0605,1442.0605
1997,"CHA","Hornets",1627.3763,1627.3763
1997,"CHI","Bulls",1811.2531,1811.2531
1997,"CLE","Cavaliers",1583.4875,1583.4875
1997,"DAL","Mavericks",1395.9386,1395.9386
1997,"DEN","Nuggets",1443.2026,1443.2026
1997,"DET","Pistons",1640.4331,1640.4331
1997,"GSW","Warriors",1446.399,1446.399
1997,"HOU","Rockets",1660.3328,1660.3328
1997,"IND","Pacers",1581.8312,1581.8312
1997,"LAC","Clippers",1469.9617,1469.9617
1997,"LAL","Lakers",1652.9242,1652.9242
1997,"MIA","Heat",1687.4017,1687.4017
1997,"MIL","Bucks",1487.2281,1487.2281
1997,"MIN","Timberwolves",1482.9098,1482.9098
1997,"NYK","Knicks",1650.6416,1650.6416
1997,"OKC","Thunder",1692.9861,1692.9861
1997,"ORL","Magic",1606.6497,1606.6497
1997,"PHI","Sixers",1369.9447,1369.9447
1997,"PHO","Suns",1567.5786,1567.5786
1997,"POR","Trailblazers",1596.9564,1596.9564
1997,"SAC","Kings",1458.0149,1458.0149
1997,"SAS","Spurs",1576.6639,1576.6639
1997,"TOR","Raptors",1427.1194,1427.1194
1997,"UTA","Jazz",1764.468,1764.468
1997,"VAN","Grizzlies",1283.5828,1283.5828
1997,"WAS","Wizards",1567.3505,1567.3505
1998,"ATL","Hawks",1637.0354,1637.0354
1998,"BKN","Nets",1569.4976,1569.4976
1998,"BOS","Celtics",1458.2198,1458.2198
1998,"CHA","Hornets",1627.0959,1627.0959
1998,"CHI","Bulls",1788.2704,1788.2704
1998,"CLE","Cavaliers",1610.827,1610.827
1998,"DAL","Mavericks",1380.8281,1380.8281
1998,"DEN","Nuggets",1323.2433,1323.2433
1998,"DET","Pistons",1587.2719,1587.2719
1998,"GSW","Warriors",1398.2869,1398.2869
1998,"HOU","Rockets",1628.4851,1628.4851
1998,"IND","Pacers",1682.5183,1682.5183
1998,"LAC","Clippers",1439.3734,1439.3734
1998,"LAL","Lakers",1745.2281,1745.2281
1998,"MIA","Heat",1686.0063,1686.0063
1998,"MIL","Bucks",1508.2532,1508.2532
1998,"MIN","Timberwolves",1530.396,1530.396
1998,"NYK","Knicks",1654.4022,1654.4022
1998,"OKC","Thunder",1719.1005,1719.1005
1998,"ORL","Magic",1532.0358,1532.0358
1998,"PHI","Sixers",1450.3944,1450.3944
1998,"PHO","Suns",1649.3655,1649.3655
1998,"POR","Trailblazers",1587.5347,1587.5347
1998,"SAC","Kings",1464.0939,1464.0939
1998,"SAS","Spurs",1660.2029,1660.2029
1998,"TOR","Raptors",1447.3688,1447.3688
1998,"UTA","Jazz",1765.666,1765.666
1998,"VAN","Grizzlies",1339.1829,1339.1829
1998,"WAS","Wizards",1572.6658,1572.6658
1999,"ATL","Hawks",1619.6373,1619.6373
1999,"BKN","Nets",1512.0587,1512.0587
1999,"BOS","Celtics",1480.2816,1480.2816
1999,"CHA","Hornets",1561.2078,1561.2078
1999,"CHI","Bulls",1709.9451,1709.9451
1999,"CLE","Cavaliers",1569.0439,1569.0439
1999,"DAL","Mavericks",1431.351,1431.351
1999,"DEN","Nuggets",1314.9888,1314.9888
1999,"DET","Pistons",1606.6108,1606.6108
1999,"GSW","Warriors",1424.5842,1424.5842
1999,"HOU","Rockets",1558.2798,1558.2798
1999,"IND","Pacers",1673.6707,1673.6707
1999,"LAC","Clippers",1320.7574,1320.7574
1999,"LAL","Lakers",1656.5223,1656.5223
1999,"MIA","Heat",1661.7903,1661.7903
1999,"MIL","Bucks",1536.3311,1536.3311
1999,"MIN","Timberwolves",1561.239,1561.239
1999,"NYK","Knicks",1632.0685,1632.0685
1999,"OKC","Thunder",1604.0139,1604.0139
1999,"ORL","Magic",1628.1917,1628.1917
1999,"PHI","Sixers",1577.5002,1577.5002
1999,"PHO","Suns",1600.182,1600.182
1999,"POR","Trailblazers",1625.8916,1625.8916
1999,"SAC","Kings",1489.7905,1489.7905
1999,"SAS","Spurs",1755.5758,1755.5758
1999,"TOR","Raptors",1479.2946,1479.2946
1999,"UTA","Jazz",1718.8506,1718.8506
1999,"VAN","Grizzlies",1317.8146,1317.8146
1999,"WAS","Wizards",1512.1384,1512.1384
2000,"ATL","Hawks",1546.3076,1546.3076
2000,"BKN","Nets",1536.2495,1536.2495
2000,"BOS","Celtics",1497.0913,1497.0913
2000,"CHA","Hornets",1628.1716,1628.1716
2000,"CHI","Bulls",1385.8768,1385.8768
2000,"CLE","Cavaliers",1497.0687,1497.0687
2000,"DAL","Mavericks",1553.5273,1553.5273
2000,"DEN","Nuggets",1450.5065,1450.5065
2000,"DET","Pistons",1592.7075,1592.7075
2000,"GSW","Warriors",1425.0591,1425.0591
2000,"HOU","Rockets",1507.833,1507.833
2000,"IND","Pacers",1670.9791,1670.9791
2000,"LAC","Clippers",1360.9327,1360.9327
2000,"LAL","Lakers",1779.2869,1779.2869
2000,"MIA","Heat",1630.6974,1630.6974
2000,"MIL","Bucks",1573.9114,1573.9114
2000,"MIN","Timberwolves",1608.4392,1608.4392
2000,"NYK","Knicks",1615.8202,1615.8202
2000,"OKC","Thunder",1554.6842,1554.6842
2000,"ORL","Magic",1554.1774,1554.1774
2000,"PHI","Sixers",1602.0159,1602.0159
2000,"PHO","Suns",1662.8121,1662.8121
2000,"POR","Trailblazers",1719.2051,1719.2051
2000,"SAC","Kings",1572.8068,1572.8068
2000,"SAS","Spurs",1723.0023,1723.0023
2000,"TOR","Raptors",1550.0267,1550.0267
2000,"UTA","Jazz",1655.4531,1655.4531
2000,"VAN","Grizzlies",1397.2562,1397.2562
2000,"WAS","Wizards",1461.1423,1461.1423
2001,"ATL","Hawks",1401.2633,1401.2633
2001,"BKN","Nets",1469.3268,1469.3268
2001,"BOS","Celtics",1512.2125,1512.2125
2001,"CHA","Hornets",1630.8579,1630.8579
2001,"CHI","Bulls",1316.6208,1316.6208
2001,"CLE","Cavaliers",1499.5048,1499.5048
2001,"DAL","Mavericks",1654.24,1654.24
2001,"DEN","Nuggets",1542.9404,1542.9404
2001,"DET","Pistons",1529.743,1529.743
2001,"GSW","Warriors",1389.1722,1389.1722
2001,"HOU","Rockets",1604.0952,1604.0952
2001,"IND","Pacers",1624.8798,1624.8798
2001,"LAC","Clippers",1464.2102,1464.2102
2001,"LAL","Lakers",1778.8915,1778.8915
2001,"MIA","Heat",1627.0229,1627.0229
2001,"MIL","Bucks",1646.4963,1646.4963
2001,"MIN","Timberwolves",1596.7843,1596.7843
2001,"NYK","Knicks",1595.0752,1595.0752
2001,"OKC","Thunder",1559.8879,1559.8879
2001,"ORL","Magic",1562.1825,1562.1825
2001,"PHI","Sixers",1659.3602,1659.3602
2001,"PHO","Suns",1630.1307,1630.1307
2001,"POR","Trailblazers",1694.6836,1694.6836
2001,"SAC","Kings",1675.2919,1675.2919
2001,"SAS","Spurs",1734.5629,1734.5629
2001,"TOR","Raptors",1594.991,1594.991
2001,"UTA","Jazz",1656.2094,1656.2094
2001,"VAN","Grizzlies",1431.6094,1431.6094
2001,"WAS","Wizards",1461.1727,1461.1727
2002,"ATL","Hawks",1442.723,1442.723
2002,"BKN","Nets",1600.9496,1600.9496
2002,"BOS","Celtics",1620.6567,1620.6567
2002,"CHA","Hornets",1584.6842,1584.6842
2002,"CHI","Bulls",1336.7588,1336.7588
2002,"CLE","Cavaliers",1428.7539,1428.7539
2002,"DAL","Mavericks",1692.6343,1692.6343
2002,"DEN","Nuggets",1492.8265,1492.8265
2002,"DET","Pistons",1583.3933,1583.3933
2002,"GSW","Warriors",1379.8127,1379.8127
2002,"HOU","Rockets",1581.2292,1581.2292
2002,"IND","Pacers",1540.4144,1540.4144
2002,"LAC","Clippers",1550.4835,1550.4835
2002,"LAL","Lakers",1759.2979,1759.2979
2002,"MIA","Heat",1524.8369,1524.8369
2002,"MIL","Bucks",1627.9581,1627.9581
2002,"MIN","Timberwolves",1663.5359,1663.5359
2002,"NYK","Knicks",1513.8307,1513.8307
2002,"OKC","Thunder",1632.3447,1632.3447
2002,"ORL","Magic",1568.0956,1568.0956
2002,"PHI","Sixers",1583.2788,1583.2788
2002,"PHO","Suns",1603.2028,1603.2028
2002,"POR","Trailblazers",1653.7834,1653.7834
2002,"SAC","Kings",1721.4244,1721.4244
2002,"SAS","Spurs",1713.1965,1713.1965
2002,"TOR","Raptors",1590.6519,1590.6519
2002,"UTA","Jazz",1595.2052,1595.2052
2002,"VAN","Grizzlies",1387.3138,1387.3138
2002,"WAS","Wizards",1493.5455,1493.5455
2003,"ATL","Hawks",1498.4465,1498.4465
2003,"BKN","Nets",1664.3267,1664.3267
2003,"BOS","Celtics",1583.9977,1583.9977
2003,"CHI","Bulls",1403.8654,1403.8654
2003,"CLE","Cavaliers",1451.7966,1451.7966
2003,"DAL","Mavericks",1725.7023,1725.7023
2003,"DEN","Nuggets",1424.7421,1424.7421
2003,"DET","Pistons",1650.4094,1650.4094
2003,"GSW","Warriors",1508.1564,1508.1564
2003,"HOU","Rockets",1552.691,1552.691
2003,"IND","Pacers",1600.9694,1600.9694
2003,"LAC","Clippers",1506.7429,1506.7429
2003,"LAL","Lakers",1681.0408,1681.0408
2003,"MIA","Heat",1492.4865,1492.4865
2003,"MIL","Bucks",1523.0197,1523.0197
2003,"MIN","Timberwolves",1627.3691,1627.3691
2003,"NOP","Pelicans",1590.6158,1590.6158
2003,"NYK","Knicks",1494.0658,1494.0658
2003,"OKC","Thunder",1608.0013,1608.0013
2003,"ORL","Magic",1529.8282,1529.8282
2003,"PHI","Sixers",1619.9508,1619.9508
2003,"PHO","Suns",1577.339,1577.339
2003,"POR","Trailblazers",1631.0859,1631.0859
2003,"SAC","Kings",1722.1309,1722.1309
2003,"SAS","Spurs",1757.1665,1757.1665
2003,"TOR","Raptors",1508.7184,1508.7184
2003,"UTA","Jazz",1612.7323,1612.7323
2003,"VAN","Grizzlies",1467.5428,1467.5428
2003,"WAS","Wizards",1517.007,1517.007
2004,"ATL","Hawks",1454.663,1454.663
2004,"BKN","Nets",1644.8108,1644.8108
2004,"BOS","Celtics",1498.6876,1498.6876
2004,"CHI","Bulls",1402.1072,1402.1072
2004,"CLE","Cavaliers",1478.4907,1478.4907
2004,"DAL","Mavericks",1651.0153,1651.0153
2004,"DEN","Nuggets",1552.5835,1552.5835
2004,"DET","Pistons",1715.3901,1715.3901
2004,"GSW","Warriors",1510.3424,1510.3424
2004,"HOU","Rockets",1623.0487,1623.0487
2004,"IND","Pacers",1691.5028,1691.5028
2004,"LAC","Clippers",1473.525,1473.525
2004,"LAL","Lakers",1698.3711,1698.3711
2004,"MIA","Heat",1565.6016,1565.6016
2004,"MIL","Bucks",1547.3345,1547.3345
2004,"MIN","Timberwolves",1703.1475,1703.1475
2004,"NOP","Pelicans",1594.0529,1594.0529
2004,"NYK","Knicks",1505.0979,1505.0979
2004,"OKC","Thunder",1550.9008,1550.9008
2004,"ORL","Magic",1498.8828,1498.8828
2004,"PHI","Sixers",1565.9512,1565.9512
2004,"PHO","Suns",1537.2676,1537.2676
2004,"POR","Trailblazers",1571.0784,1571.0784
2004,"SAC","Kings",1693.1661,1693.1661
2004,"SAS","Spurs",1764.0173,1764.0173
2004,"TOR","Raptors",1453.9695,1453.9695
2004,"UTA","Jazz",1547.6947,1547.6947
2004,"VAN","Grizzlies",1628.6801,1628.6801
2004,"WAS","Wizards",1475.7461,1475.7461
2005,"ATL","Hawks",1416.4968,1416.4968
2005,"BKN","Nets",1552.6925,1552.6925
2005,"BOS","Celtics",1555.257,1555.257
2005,"CHA","Hornets",1306.2352,1306.2352
2005,"CHI","Bulls",1557.0645,1557.0645
2005,"CLE","Cavaliers",1537.0018,1537.0018
2005,"DAL","Mavericks",1696.2601,1696.2601
2005,"DEN","Nuggets",1643.479,1643.479
2005,"DET","Pistons",1695.186,1695.186
2005,"GSW","Warriors",1526.6333,1526.6333
2005,"HOU","Rockets",1692.7972,1692.7972
2005,"IND","Pacers",1637.5195,1637.5195
2005,"LAC","Clippers",1493.135,1493.135
2005,"LAL","Lakers",1629.7335,1629.7335
2005,"MIA","Heat",1699.2987,1699.2987
2005,"MIL","Bucks",1495.7628,1495.7628
2005,"MIN","Timberwolves",1656.8538,1656.8538
2005,"NOP","Pelicans",1475.4724,1475.4724
2005,"NYK","Knicks",1477.3799,1477.3799
2005,"OKC","Thunder",1636.3879,1636.3879
2005,"ORL","Magic",1471.8455,1471.8455
2005,"PHI","Sixers",1501.7698,1501.7698
2005,"PHO","Suns",1718.911,1718.911
2005,"POR","Trailblazers",1531.2914,1531.2914
2005,"SAC","Kings",1626.2432,1626.2432
2005,"SAS","Spurs",1771.173,1771.173
2005,"TOR","Raptors",1459.6823,1459.6823
2005,"UTA","Jazz",1573.3644,1573.3644
2005,"VAN","Grizzlies",1614.8038,1614.8038
2005,"WAS","Wizards",1523.1442,1523.1442
2006,"ATL","Hawks",1351.587,1351.587
2006,"BKN","Nets",1620.9027,1620.9027
2006,"BOS","Celtics",1517.4677,1517.4677
2006,"CHA","Hornets",1404.6898,1404.6898
2006,"CHI","Bulls",1555.3651,1555.3651
2006,"CLE","Cavaliers",1576.7664,1576.7664
2006,"DAL","Mavericks",1727.0042,1727.0042
2006,"DEN","Nuggets",1575.0129,1575.0129
2006,"DET","Pistons",1743.0873,1743.0873
2006,"GSW","Warriors",1535.942,1535.942
2006,"HOU","Rockets",1627.6179,1627.6179
2006,"IND","Pacers",1575.1239,1575.1239
2006,"LAC","Clippers",1604.7506,1604.7506
2006,"LAL","Lakers",1603.0454,1603.0454
2006,"MIA","Heat",1662.1171,1662.1171
2006,"MIL","Bucks",1492.6532,1492.6532
2006,"MIN","Timberwolves",1577.5343,1577.5343
2006,"NOP","Pelicans",1520.0311,1520.0311
2006,"NYK","Knicks",1433.7301,1433.7301
2006,"OKC","Thunder",1535.5173,1535.5173
2006,"ORL","Magic",1522.7621,1522.7621
2006,"PHI","Sixers",1508.566,1508.566
2006,"PHO","Suns",1711.6025,1711.6025
2006,"POR","Trailblazers",1404.6451,1404.6451
2006,"SAC","Kings",1599.4857,1599.4857
2006,"SAS","Spurs",1725.887,1725.887
2006,"TOR","Raptors",1450.547,1450.547
2006,"UTA","Jazz",1489.4276,1489.4276
2006,"VAN","Grizzlies",1606.7749,1606.7749
2006,"WAS","Wizards",1563.5751,1563.5751
2007,"ATL","Hawks",1429.7916,1429.7916
2007,"BKN","Nets",1555.4233,1555.4233
2007,"BOS","Celtics",1461.8108,1461.8108
2007,"CHA","Hornets",1460.2728,1460.2728
2007,"CHI","Bulls",1647.7136,1647.7136
2007,"CLE","Cavaliers",1640.7285,1640.7285
2007,"DAL","Mavericks",1773.131,1773.131
2007,"DEN","Nuggets",1610.6154,1610.6154
2007,"DET","Pistons",1684.9149,1684.9149
2007,"GSW","Warriors",1634.8004,1634.8004
2007,"HOU","Rockets",1628.6975,1628.6975
2007,"IND","Pacers",1516.6404,1516.6404
2007,"LAC","Clippers",1591.725,1591.725
2007,"LAL","Lakers",1589.5536,1589.5536
2007,"MIA","Heat",1587.479,1587.479
2007,"MIL","Bucks",1529.0914,1529.0914
2007,"MIN","Timberwolves",1511.2141,1511.2141
2007,"NOP","Pelicans",1499.1818,1499.1818
2007,"NYK","Knicks",1457.1309,1457.1309
2007,"OKC","Thunder",1510.3784,1510.3784
2007,"ORL","Magic",1569.2557,1569.2557
2007,"PHI","Sixers",1488.1697,1488.1697
2007,"PHO","Suns",1742.8673,1742.8673
2007,"POR","Trailblazers",1438.1749,1438.1749
2007,"SAC","Kings",1564.8806,1564.8806
2007,"SAS","Spurs",1736.212,1736.212
2007,"TOR","Raptors",1577.9329,1577.9329
2007,"UTA","Jazz",1627.9916,1627.9916
2007,"VAN","Grizzlies",1544.9559,1544.9559
2007,"WAS","Wizards",1589.7524,1589.7524
2008,"ATL","Hawks",1488.0311,1488.0311
2008,"BKN","Nets",1538.7743,1538.7743
2008,"BOS","Celtics",1731.3345,1731.3345
2008,"CHA","Hornets",1475.364,1475.364
2008,"CHI","Bulls",1592.5647,1592.5647
2008,"CLE","Cavaliers",1588.7472,1588.7472
2008,"DAL","Mavericks",1655.7123,1655.7123
2008,"DEN","Nuggets",1625.938,1625.938
2008,"DET","Pistons",1707.6595,1707.6595
2008,"GSW","Warriors",1623.097,1623.097
2008,"HOU","Rockets",1697.241,1697.241
2008,"IND","Pacers",1497.0884,1497.0884
2008,"LAC","Clippers",1559.7766,1559.7766
2008,"LAL","Lakers",1739.8466,1739.8466
2008,"MIA","Heat",1475.0023,1475.0023
2008,"MIL","Bucks",1434.5602,1434.5602
2008,"MIN","Timberwolves",1381.9695,1381.9695
2008,"NOP","Pelicans",1687.4268,1687.4268
2008,"NYK","Knicks",1431.3824,1431.3824
2008,"OKC","Thunder",1434.995,1434.995
2008,"ORL","Magic",1628.1769,1628.1769
2008,"PHI","Sixers",1565.3096,1565.3096
2008,"PHO","Suns",1671.2008,1671.2008
2008,"POR","Trailblazers",1564.2446,1564.2446
2008,"SAC","Kings",1487.8717,1487.8717
2008,"SAS","Spurs",1698.5969,1698.5969
2008,"TOR","Raptors",1581.5433,1581.5433
2008,"UTA","Jazz",1698.5673,1698.5673
2008,"VAN","Grizzlies",1427.7839,1427.7839
2008,"WAS","Wizards",1531.5333,1531.5333
2009,"ATL","Hawks",1565.5313,1565.5313
2009,"BKN","Nets",1492.8954,1492.8954
2009,"BOS","Celtics",1759.5787,1759.5787
2009,"CHA","Hornets",1500.2446,1500.2446
2009,"CHI","Bulls",1544.4406,1544.4406
2009,"CLE","Cavaliers",1765.2435,1765.2435
2009,"DAL","Mavericks",1635.1589,1635.1589
2009,"DEN","Nuggets",1691.3911,1691.3911
2009,"DET","Pistons",1644.7262,1644.7262
2009,"GSW","Warriors",1544.468,1544.468
2009,"HOU","Rockets",1683.4894,1683.4894
2009,"IND","Pacers",1502.1478,1502.1478
2009,"LAC","Clippers",1411.0837,1411.0837
2009,"LAL","Lakers",1789.9934,1789.9934
2009,"MIA","Heat",1525.7867,1525.7867
2009,"MIL","Bucks",1477.2263,1477.2263
2009,"MIN","Timberwolves",1437.7222,1437.7222
2009,"NOP","Pelicans",1649.8036,1649.8036
2009,"NYK","Knicks",1450.6213,1450.6213
2009,"OKC","Thunder",1378.1254,1378.1254
2009,"ORL","Magic",1721.8114,1721.8114
2009,"PHI","Sixers",1555.1096,1555.1096
2009,"PHO","Suns",1628.8707,1628.8707
2009,"POR","Trailblazers",1664.187,1664.187
2009,"SAC","Kings",1469.5621,1469.5621
2009,"SAS","Spurs",1666.9117,1666.9117
2009,"TOR","Raptors",1512.2882,1512.2882
2009,"UTA","Jazz",1648.2374,1648.2374
2009,"VAN","Grizzlies",1393.6533,1393.6533
2009,"WAS","Wizards",1477.4908,1477.4908
2010,"ATL","Hawks",1635.1868,1635.1868
2010,"BKN","Nets",1449.085,1449.085
2010,"BOS","Celtics",1696.8286,1696.8286
2010,"CHA","Hornets",1565.4674,1565.4674
2010,"CHI","Bulls",1535.2805,1535.2805
2010,"CLE","Cavaliers",1762.7637,1762.7637
2010,"DAL","Mavericks",1646.8107,1646.8107
2010,"DEN","Nuggets",1660.5632,1660.5632
2010,"DET","Pistons",1493.4908,1493.4908
2010,"GSW","Warriors",1442.5621,1442.5621
2010,"HOU","Rockets",1639.0288,1639.0288
2010,"IND","Pacers",1507.4663,1507.4663
2010,"LAC","Clippers",1442.3732,1442.3732
2010,"LAL","Lakers",1724.2312,1724.2312
2010,"MIA","Heat",1601.1729,1601.1729
2010,"MIL","Bucks",1584.3243,1584.3243
2010,"MIN","Timberwolves",1375.4215,1375.4215
2010,"NOP","Pelicans",1516.2557,1516.2557
2010,"NYK","Knicks",1473.8391,1473.8391
2010,"OKC","Thunder",1622.1665,1622.1665
2010,"ORL","Magic",1781.7629,1781.7629
2010,"PHI","Sixers",1500.7218,1500.7218
2010,"PHO","Suns",1718.2355,1718.2355
2010,"POR","Trailblazers",1630.0698,1630.0698
2010,"SAC","Kings",1396.1338,1396.1338
2010,"SAS","Spurs",1670.1106,1670.1106
2010,"TOR","Raptors",1546.6704,1546.6704
2010,"UTA","Jazz",1666.7556,1666.7556
2010,"VAN","Grizzlies",1547.6661,1547.6661
2010,"WAS","Wizards",1414.0051,1414.0051
2011,"ATL","Hawks",1608.431,1608.431
2011,"BKN","Nets",1377.3237,1377.3237
2011,"BOS","Celtics",1722.9326,1722.9326
2011,"CHA","Hornets",1517.1617,1517.1617
2011,"CHI","Bulls",1718.1803,1718.1803
2011,"CLE","Cavaliers",1617.5342,1617.5342
2011,"DAL","Mavericks",1735.9329,1735.9329
2011,"DEN","Nuggets",1646.7769,1646.7769
2011,"DET","Pistons",1429.1688,1429.1688
2011,"GSW","Warriors",1489.9259,1489.9259
2011,"HOU","Rockets",1587.1931,1587.1931
2011,"IND","Pacers",1539.7653,1539.7653
2011,"LAC","Clippers",1447.6224,1447.6224
2011,"LAL","Lakers",1710.5034,1710.5034
2011,"MIA","Heat",1726.7603,1726.7603
2011,"MIL","Bucks",1540.3201,1540.3201
2011,"MIN","Timberwolves",1350.8484,1350.8484
2011,"NOP","Pelicans",1615.903,1615.903
2011,"NYK","Knicks",1552.0238,1552.0238
2011,"OKC","Thunder",1683.4647,1683.4647
2011,"ORL","Magic",1690.8552,1690.8552
2011,"PHI","Sixers",1582.6157,1582.6157
2011,"PHO","Suns",1646.4471,1646.4471
2011,"POR","Trailblazers",1585.0674,1585.0674
2011,"SAC","Kings",1432.1539,1432.1539
2011,"SAS","Spurs",1703.7698,1703.7698
2011,"TOR","Raptors",1461.8279,1461.8279
2011,"UTA","Jazz",1630.8665,1630.8665
2011,"VAN","Grizzlies",1629.7399,1629.7399
2011,"WAS","Wizards",1387.8474,1387.8474
2012,"ATL","Hawks",1585.8821,1585.8821
2012,"BKN","Nets",1374.5565,1374.5565
2012,"BOS","Celtics",1648.9141,1648.9141
2012,"CHA","Hornets",1426.0387,1426.0387
2012,"CHI","Bulls",1700.4988,1700.4988
2012,"CLE","Cavaliers",1419.0623,1419.0623
2012,"DAL","Mavericks",1661.707,1661.707
2012,"DEN","Nuggets",1635.2719,1635.2719
2012,"DET","Pistons",1417.2306,1417.2306
2012,"GSW","Warriors",1515.5647,1515.5647
2012,"HOU","Rockets",1568.3638,1568.3638
2012,"IND","Pacers",1619.1156,1619.1156
2012,"LAC","Clippers",1605.6156,1605.6156
2012,"LAL","Lakers",1618.002,1618.002
2012,"MIA","Heat",1729.0259,1729.0259
2012,"MIL","Bucks",1543.5269,1543.5269
2012,"MIN","Timberwolves",1504.7472,1504.7472
2012,"NOP","Pelicans",1521.4115,1521.4115
2012,"NYK","Knicks",1571.6136,1571.6136
2012,"OKC","Thunder",1742.6617,1742.6617
2012,"ORL","Magic",1608.5101,1608.5101
2012,"PHI","Sixers",1594.103,1594.103
2012,"PHO","Suns",1574.2501,1574.2501
2012,"POR","Trailblazers",1577.3906,1577.3906
2012,"SAC","Kings",1453.4791,1453.4791
2012,"SAS","Spurs",1771.188,1771.188
2012,"TOR","Raptors",1432.1248,1432.1248
2012,"UTA","Jazz",1566.7161,1566.7161
2012,"VAN","Grizzlies",1619.5443,1619.5443
2012,"WAS","Wizards",1432.7784,1432.7784
2013,"ATL","Hawks",1590.1759,1590.1759
2013,"BKN","Nets",1587.0345,1587.0345
2013,"BOS","Celtics",1586.1121,1586.1121
2013,"CHA","Hornets",1301.5607,1301.5607
2013,"CHI","Bulls",1610.6219,1610.6219
2013,"CLE","Cavaliers",1408.5876,1408.5876
2013,"DAL","Mavericks",1547.8497,1547.8497
2013,"DEN","Nuggets",1697.6748,1697.6748
2013,"DET","Pistons",1460.7504,1460.7504
2013,"GSW","Warriors",1607.5345,1607.5345
2013,"HOU","Rockets",1609.9154,1609.9154
2013,"IND","Pacers",1651.2092,1651.2092
2013,"LAC","Clippers",1690.4485,1690.4485
2013,"LAL","Lakers",1569.0409,1569.0409
2013,"MIA","Heat",1774.3456,1774.3456
2013,"MIL","Bucks",1535.705,1535.705
2013,"MIN","Timberwolves",1482.8165,1482.8165
2013,"NOP","Pelicans",1479.1785,1479.1785
2013,"NYK","Knicks",1644.5215,1644.5215
2013,"OKC","Thunder",1736.2958,1736.2958
2013,"ORL","Magic",1502.9133,1502.9133
2013,"PHI","Sixers",1551.6627,1551.6627
2013,"PHO","Suns",1523.5597,1523.5597
2013,"POR","Trailblazers",1522.217,1522.217
2013,"SAC","Kings",1443.3635,1443.3635
2013,"SAS","Spurs",1750.5253,1750.5253
2013,"TOR","Raptors",1484.8958,1484.8958
2013,"UTA","Jazz",1562.0601,1562.0601
2013,"VAN","Grizzlies",1700.8755,1700.8755
2013,"WAS","Wizards",1487.5024,1487.5024
2014,"ATL","Hawks",1531.1904,1531.1904
2014,"BKN","Nets",1580.3517,1580.3517
2014,"BOS","Celtics",1502.0685,1502.0685
2014,"CHA","Hornets",1549.1696,1549.1696
2014,"CHI","Bulls",1608.8998,1608.8998
2014,"CLE","Cavaliers",1468.439,1468.439
2014,"DAL","Mavericks",1639.3635,1639.3635
2014,"DEN","Nuggets",1634.8601,1634.8601
2014,"DET","Pistons",1477.7844,1477.7844
2014,"GSW","Warriors",1649.4917,1649.4917
2014,"HOU","Rockets",1676.4716,1676.4716
2014,"IND","Pacers",1697.2277,1697.2277
2014,"LAC","Clippers",1715.3783,1715.3783
2014,"LAL","Lakers",1522.1942,1522.1942
2014,"MIA","Heat",1716.734,1716.734
2014,"MIL","Bucks",1455.7802,1455.7802
2014,"MIN","Timberwolves",1588.3241,1588.3241
2014,"NOP","Pelicans",1489.5696,1489.5696
2014,"NYK","Knicks",1582.1333,1582.1333
2014,"OKC","Thunder",1749.163,1749.163
2014,"ORL","Magic",1374.5378,1374.5378
2014,"PHI","Sixers",1484.9669,1484.9669
2014,"PHO","Suns",1589.1101,1589.1101
2014,"POR","Trailblazers",1632.3877,1632.3877
2014,"SAC","Kings",1446.5983,1446.5983
2014,"SAS","Spurs",1764.3367,1764.3367
2014,"TOR","Raptors",1604.1543,1604.1543
2014,"UTA","Jazz",1516.0178,1516.0178
2014,"VAN","Grizzlies",1632.3412,1632.3412
2014,"WAS","Wizards",1588.2531,1588.2531
2015,"ATL","Hawks",1701.1826,1701.1826
2015,"BKN","Nets",1534.8898,1534.8898
2015,"BOS","Celtics",1551.8619,1551.8619
2015,"CHA","Hornets",1512.6759,1512.6759
2015,"CHI","Bulls",1636.0938,1636.0938
2015,"CLE","Cavaliers",1723.4149,1723.4149
2015,"DAL","Mavericks",1653.7015,1653.7015
2015,"DEN","Nuggets",1510.8123,1510.8123
2015,"DET","Pistons",1475.5499,1475.5499
2015,"GSW","Warriors",1822.2881,1822.2881
2015,"HOU","Rockets",1669.5398,1669.5398
2015,"IND","Pacers",1535.2634,1535.2634
2015,"LAC","Clippers",1743.113,1743.113
2015,"LAL","Lakers",1417.563,1417.563
2015,"MIA","Heat",1596.9768,1596.9768
2015,"MIL","Bucks",1550.3455,1550.3455
2015,"MIN","Timberwolves",1520.7645,1520.7645
2015,"NOP","Pelicans",1539.7662,1539.7662
2015,"NYK","Knicks",1521.5439,1521.5439
2015,"OKC","Thunder",1630.5771,1630.5771
2015,"ORL","Magic",1396.197,1396.197
2015,"PHI","Sixers",1330.1943,1330.1943
2015,"PHO","Suns",1592.7095,1592.7095
2015,"POR","Trailblazers",1667.7268,1667.7268
2015,"SAC","Kings",1512.0999,1512.0999
2015,"SAS","Spurs",1743.3424,1743.3424
2015,"TOR","Raptors",1634.7308,1634.7308
2015,"UTA","Jazz",1565.0206,1565.0206
2015,"VAN","Grizzlies",1678.4237,1678.4237
2015,"WAS","Wizards",1585.0723,1585.0723
