"year_end","team_id","fran_id","tot_sal","avg_sal","max_sal","min_sal","std_sal"
1991,"ATL","Hawks",11761000,904692.307692308,2406000,125000,687554.529306026
1991,"BKN","Nets",11410000,815000,2100000,120000,631600.531007718
1991,"BOS","Celtics",11256000,750400,2500000,30000,660152.01712506
1991,"CHA","Hornets",10417000,801307.692307692,1650000,75000,504313.623422202
1991,"CHI","Bulls",10040000,836666.666666667,2500000,150000,599898.981395024
1991,"CLE","Cavaliers",14403000,960200,3785000,75000,1036913.97907445
1991,"DAL","Mavericks",11693000,835214.285714286,1650000,30000,564524.058024024
1991,"DEN","Nuggets",10335000,861250,2185000,210000,597997.13057992
1991,"DET","Pistons",12910000,922142.857142857,2720000,125000,665853.166666976
1991,"GSW","Warriors",11150000,857692.307692308,2850000,50000,778654.329020628
1991,"HOU","Rockets",10500000,807692.307692308,3175000,120000,865935.465707018
1991,"IND","Pacers",10981000,915083.333333333,2150000,175000,643295.840091313
1991,"LAC","Clippers",10245000,788076.923076923,2200000,210000,546483.22047105
1991,"LAL","Lakers",12120000,1010000,2400000,120000,748802.073617952
1991,"MIA","Heat",8510000,654615.384615385,2e+06,130000,632206.656410905
1991,"MIL","Bucks",11595000,828214.285714286,1600000,120000,450348.613438938
1991,"MIN","Timberwolves",7540000,628333.333333333,1200000,150000,361847.113202984
1991,"NYK","Knicks",13290000,1022307.69230769,4250000,120000,1061330.95565705
1991,"OKC","Thunder",10590000,814615.384615385,1750000,3e+05,485376.23524807
1991,"ORL","Magic",7532000,627666.666666667,1560000,2e+05,392035.094285595
1991,"PHI","Sixers",11640000,895384.615384615,2900000,110000,770323.15063891
1991,"PHO","Suns",11463000,818785.714285714,2060000,130000,578995.041638319
1991,"POR","Trailblazers",11215000,934583.333333333,2e+06,250000,577677.396340227
1991,"SAC","Kings",9605000,738846.153846154,2330000,30000,746335.921480608
1991,"SAS","Spurs",11057000,850538.461538462,2265000,50000,702644.720014391
1991,"UTA","Jazz",10695000,822692.307692308,2260000,50000,792516.076032045
1991,"WAS","Wizards",9610000,739230.769230769,2300000,120000,602884.891424302
1992,"ATL","Hawks",12930000,994615.384615385,3100000,125000,831870.436472485
1992,"BKN","Nets",12598000,969076.923076923,2300000,135000,709897.816771125
1992,"BOS","Celtics",25343000,1490764.70588235,7070000,130000,1804476.53522468
1992,"CHA","Hornets",12625000,1052083.33333333,1955000,130000,610707.854324253
1992,"CHI","Bulls",16829000,1121933.33333333,3250000,118000,981373.270085392
1992,"CLE","Cavaliers",16882000,1125466.66666667,3786000,130000,1059775.03452833
1992,"DAL","Mavericks",13004000,866933.333333333,1920000,130000,606345.783793216
1992,"DEN","Nuggets",11879000,791933.333333333,2008000,215000,577486.606729871
1992,"GSW","Warriors",12500000,961538.461538462,2844000,130000,712987.916609229
1992,"HOU","Rockets",13274000,1021076.92307692,3170000,275000,823636.900332752
1992,"IND","Pacers",15090000,1077857.14285714,3211000,130000,860992.348500162
1992,"LAC","Clippers",12976000,865066.666666667,2300000,130000,622792.841809798
1992,"LAL","Lakers",15673000,1119500,2507000,130000,798980.480169765
1992,"MIA","Heat",11514000,885692.307692308,2250000,202000,716705.70257433
1992,"MIL","Bucks",12451000,957769.230769231,1600000,130000,445558.105796568
1992,"MIN","Timberwolves",10763000,717533.333333333,1590000,1e+05,468304.520381262
1992,"NYK","Knicks",12399000,885642.857142857,3139000,120000,783848.259171757
1992,"OKC","Thunder",13308000,950571.428571429,2875000,130000,790879.132483468
1992,"ORL","Magic",12250000,1020833.33333333,1980000,525000,535594.458748804
1992,"PHI","Sixers",14058000,826941.176470588,3200000,130000,790686.843082348
1992,"PHO","Suns",13593000,906200,2275000,250000,574161.276496919
1992,"POR","Trailblazers",12742000,849466.666666667,2013000,130000,627971.54924938
1992,"SAC","Kings",12492000,892285.714285714,2685000,175000,752535.246153492
1992,"SAS","Spurs",11587000,724187.5,2240000,1e+05,730507.423530612
1992,"UTA","Jazz",12761000,850733.333333333,2556000,130000,761012.057973428
1992,"WAS","Wizards",12633000,789562.5,2525000,130000,718091.634705024
1993,"ATL","Hawks",18036000,1288285.71428571,3500000,250000,960709.547763961
1993,"BKN","Nets",16314000,1087600,2870000,125000,936125.357905813
1993,"BOS","Celtics",25217000,1200809.52380952,3513000,29000,1120605.31049284
1993,"CHA","Hornets",14150000,1010714.28571429,2540000,7000,823857.944118956
1993,"CHI","Bulls",18536000,1235733.33333333,4e+06,8000,1182347.99486123
1993,"CLE","Cavaliers",19676000,1405428.57142857,3786000,140000,1238137.23076152
1993,"DAL","Mavericks",10859000,638764.705882353,2069000,80000,710731.09624982
1993,"DEN","Nuggets",13776180,918412,2400000,140000,743848.218304168
1993,"DET","Pistons",13954000,1162833.33333333,2350000,140000,673637.187665631
1993,"GSW","Warriors",15473000,1031533.33333333,2844000,140000,701926.926056986
1993,"IND","Pacers",16268000,1084533.33333333,3211000,3e+05,802604.587458559
1993,"LAC","Clippers",14288000,1020571.42857143,2600000,7000,841801.06495955
1993,"LAL","Lakers",18851000,1047277.77777778,3633000,140000,1076429.43571112
1993,"MIA","Heat",15125000,1163461.53846154,2382000,140000,722645.903997319
1993,"MIL","Bucks",14032000,1002285.71428571,2230000,140000,619311.705856582
1993,"NYK","Knicks",14001000,1000071.42857143,3300000,140000,775777.571639797
1993,"OKC","Thunder",14033000,1002357.14285714,3175000,13000,918009.938537022
1993,"ORL","Magic",14970000,880588.235294118,3e+06,5000,798004.938802349
1993,"PHI","Sixers",17367000,1157800,2400000,270000,720608.096382096
1993,"PHO","Suns",14280000,892500,2420000,140000,682256.843131676
1993,"POR","Trailblazers",16369000,1364083.33333333,2655000,275000,764094.051604231
1993,"SAC","Kings",13953000,996642.857142857,2685000,133000,772060.44075307
1993,"SAS","Spurs",18083000,1130187.5,5720000,13000,1439341.15570284
1993,"UTA","Jazz",14517000,1036928.57142857,2854000,140000,896251.292395653
1993,"WAS","Wizards",17249000,958277.777777778,2500000,140000,727374.554016062
1994,"ATL","Hawks",22510000,1406875,3500000,150000,999741.691638395
1994,"BKN","Nets",20107000,1436214.28571429,3575000,150000,1102007.13236359
1994,"BOS","Celtics",17881000,1192066.66666667,4e+06,150000,1018343.08467001
1994,"CHA","Hornets",17952000,1282285.71428571,3125000,150000,995597.264001821
1994,"CHI","Bulls",18531000,1235400,4e+06,150000,1167574.82476652
1994,"CLE","Cavaliers",23711000,1693642.85714286,3786000,150000,1375373.04629817
1994,"DAL","Mavericks",14321000,954733.333333333,2203000,43000,777648.145432906
1994,"DEN","Nuggets",16110000,1150714.28571429,3e+06,150000,829077.655133558
1994,"DET","Pistons",15826000,1055066.66666667,2520000,20000,677302.893485485
1994,"GSW","Warriors",19239000,1202437.5,3340000,150000,991982.121394668
1994,"HOU","Rockets",16757000,1196928.57142857,3170000,150000,886527.058399644
1994,"IND","Pacers",17196000,1228285.71428571,3011000,320000,822759.748891257
1994,"LAC","Clippers",20188000,1345866.66666667,4e+06,150000,1177491.87844737
1994,"LAL","Lakers",23478000,1467375,4133000,150000,1126465.97078355
1994,"MIA","Heat",17811000,1370076.92307692,3057000,250000,856287.866465717
1994,"MIL","Bucks",14889000,1145307.69230769,1850000,420000,507208.600185924
1994,"MIN","Timberwolves",15496000,1192000,2730000,150000,882515.533385485
1994,"NYK","Knicks",22109000,1473933.33333333,3825000,250000,888024.972836323
1994,"OKC","Thunder",15967000,1451545.45454545,3587000,170000,996488.270240685
1994,"ORL","Magic",19939000,1329266.66666667,3900000,25000,1058021.16280932
1994,"PHI","Sixers",15354000,959625,2700000,1e+05,800771.034690941
1994,"PHO","Suns",21485000,1263823.52941176,3250000,150000,941100.236112905
1994,"POR","Trailblazers",23534000,1470875,5050000,150000,1324264.87154194
1994,"SAC","Kings",17397000,1023352.94117647,2500000,150000,807187.473668329
1994,"SAS","Spurs",19316365,1609697.08333333,5740000,150000,1553138.99401774
1994,"UTA","Jazz",16990000,1213571.42857143,3081000,150000,940824.410519078
1994,"WAS","Wizards",16240000,1082666.66666667,2313000,150000,770259.665555034
1995,"ATL","Hawks",21869340,1366833.75,2747500,6140,978679.624030084
1995,"BOS","Celtics",21162000,1322625,2820000,150000,995626.494558409
1995,"CHA","Hornets",19346658,1209166.125,3840000,13158,1224545.79055266
1995,"CLE","Cavaliers",28106000,1756625,4042000,150000,1395633.42250034
1995,"DAL","Mavericks",18053100,1504425,3e+06,2e+05,1062273.61491969
1995,"DEN","Nuggets",19925500,1328366.66666667,3100000,150000,872884.943053507
1995,"DET","Pistons",14798700,986580,2750000,117000,788035.778919424
1995,"GSW","Warriors",19797300,1319820,3703000,15800,1225691.85722071
1995,"HOU","Rockets",17578600,976588.888888889,3169900,30000,1014357.77473404
1995,"LAC","Clippers",17876700,1191780,3496000,150000,1002943.11418231
1995,"LAL","Lakers",20158300,1550638.46153846,3333300,1e+05,1047420.58532573
1995,"MIA","Heat",20142000,1438714.28571429,2975000,150000,971536.96066288
1995,"MIL","Bucks",16256960,956291.764705882,2900000,9660,847141.773053921
1995,"NYK","Knicks",25748900,1430494.44444444,4486700,150000,1035102.58171507
1995,"OKC","Thunder",24073500,1719535.71428571,5e+06,150000,1433925.97148643
1995,"PHI","Sixers",19709510,1231844.375,4e+06,5260,1220774.01601317
1995,"PHO","Suns",23170884,1655063.14285714,6472600,102424,1843595.88095484
1995,"POR","Trailblazers",26658000,1904142.85714286,3608000,150000,1198000.95397052
1995,"SAC","Kings",20209000,1347266.66666667,3e+06,150000,936208.098560103
1995,"SAS","Spurs",22721982,1420123.875,7300000,109750,1803100.1695562
1995,"UTA","Jazz",18315950,1308282.14285714,3378800,57900,1012242.62134346
1995,"WAS","Wizards",17049750,1065609.375,2612500,150000,895488.158160816
1996,"ATL","Hawks",21702000,1669384.61538462,3088000,225000,976447.262482852
1996,"BKN","Nets",22555000,1503666.66666667,4320000,225000,1225537.70511832
1996,"BOS","Celtics",18229000,1402230.76923077,3300000,3e+05,1124468.77486261
1996,"CHA","Hornets",21829000,1679153.84615385,4295000,225000,1293404.47696211
1996,"CHI","Bulls",23177000,1655500,3850000,225000,1321566.82941703
1996,"CLE","Cavaliers",25730000,1715333.33333333,4700000,2e+05,1570665.44890405
1996,"DAL","Mavericks",21753000,1553785.71428571,3588000,556000,1037652.09662313
1996,"DEN","Nuggets",19778000,1648166.66666667,3250000,2e+05,963634.581187603
1996,"GSW","Warriors",22177000,1705923.07692308,3728000,230000,1300961.72513122
1996,"HOU","Rockets",24814000,2067833.33333333,9810000,225000,2826949.4266092
1996,"IND","Pacers",23499000,1566600,4050000,2e+05,1334370.68099
1996,"LAC","Clippers",21150000,1626923.07692308,3e+06,2e+05,984798.834072088
1996,"LAL","Lakers",19783000,1521769.23076923,3333000,2e+05,919917.492119642
1996,"MEM","Grizzlies",17498000,1166533.33333333,2478000,225000,727178.880200411
1996,"MIA","Heat",20482000,1463000,4560000,2e+05,1399026.30975426
1996,"MIL","Bucks",23011000,2091909.09090909,3975000,363000,1407967.00632831
1996,"MIN","Timberwolves",22192000,1585142.85714286,4500000,2e+05,1423405.82121478
1996,"NYK","Knicks",38577000,2967461.53846154,18724000,225000,4851696.68973966
1996,"OKC","Thunder",25852000,1988615.38461538,5e+06,2e+05,1554984.11237658
1996,"ORL","Magic",30397000,2171214.28571429,5700000,225000,1879432.69585313
1996,"PHI","Sixers",17408000,1740800,5476000,225000,1558222.76256567
1996,"PHO","Suns",34925000,2328333.33333333,6833000,2e+05,2309450.48091738
1996,"POR","Trailblazers",23201000,1784692.30769231,3800000,225000,1309889.6508622
1996,"SAC","Kings",24156000,1725428.57142857,3500000,2e+05,1003951.32538199
1996,"SAS","Spurs",25448000,1957538.46153846,7700000,225000,2182731.91266452
1996,"TOR","Raptors",17205000,1075312.5,2402000,2e+05,780685.059739201
1996,"UTA","Jazz",21111000,1623923.07692308,3676000,3e+05,1105684.81506097
1996,"WAS","Wizards",21774000,1814500,7e+06,250000,1962033.01334472
1997,"ATL","Hawks",25806100,1843292.85714286,8013000,181100,2397753.25780817
1997,"BKN","Nets",25426600,1695106.66666667,5130000,166000,1428019.17977649
1997,"BOS","Celtics",25853500,1723566.66666667,5313000,220000,1466496.88113577
1997,"CHI","Bulls",58270000,4482307.69230769,30140000,5e+05,8049758.954824
1997,"CLE","Cavaliers",18867500,1347678.57142857,4643000,220000,1295971.05866223
1997,"DAL","Mavericks",26107500,1631718.75,4851000,220000,1503066.65375325
1997,"DEN","Nuggets",21243300,1517378.57142857,3400000,169000,1220974.60389299
1997,"DET","Pistons",26848500,2065269.23076923,7e+06,247500,2041871.37016701
1997,"GSW","Warriors",30867000,2057800,7e+06,220000,1792651.46600543
1997,"HOU","Rockets",26275000,1876785.71428571,9655000,220000,2820717.89630751
1997,"IND","Pacers",39480000,2632000,11250000,247500,3038126.03777865
1997,"LAC","Clippers",23336500,1666892.85714286,3250000,247500,1027041.46007563
1997,"LAL","Lakers",28838500,2218346.15384615,10714000,220000,3122875.05343377
1997,"MEM","Grizzlies",15978000,1141285.71428571,2186000,220000,758561.20675632
1997,"MIA","Heat",22421000,1494733.33333333,9380000,220000,2338688.85631814
1997,"MIL","Bucks",24222500,2018541.66666667,4640000,247500,1404545.98711621
1997,"NYK","Knicks",25923500,1728233.33333333,5004000,247500,1604514.72266168
1997,"OKC","Thunder",30301500,2020100,10212000,247500,2575475.09625478
1997,"ORL","Magic",40149100,2676606.66666667,14857000,190100,3904811.15136309
1997,"PHI","Sixers",20369500,1697458.33333333,6739000,247000,1796738.4650367
1997,"PHO","Suns",36140000,2125882.35294118,7e+06,220000,2219904.82995198
1997,"POR","Trailblazers",24903500,1778821.42857143,4175000,220000,1447003.23755875
1997,"SAC","Kings",27820200,1987157.14285714,3773000,150200,1316754.99719476
1997,"SAS","Spurs",30785500,2052366.66666667,9952000,152900,2590752.81190255
1997,"TOR","Raptors",18633900,1242260,3100000,205200,865698.880178817
1997,"UTA","Jazz",25267000,1804785.71428571,6e+06,220000,1716705.84275509
1997,"WAS","Wizards",34940000,2495714.28571429,9750000,247500,3015150.89375108
1998,"ATL","Hawks",30133827,2152416.21428571,9615187,242000,2835300.39308398
1998,"BKN","Nets",28504567,1900304.46666667,4400000,272250,1233734.66939839
1998,"BOS","Celtics",26800500,1576500,3500000,50000,1039238.7311874
1998,"CHA","Hornets",27006013,2077385.61538462,4833333,242000,1665862.88429348
1998,"CHI","Bulls",61330670,4088711.33333333,33140000,272250,8182474.38199898
1998,"CLE","Cavaliers",26677290,1569252.35294118,8600000,20000,2113105.68535843
1998,"DEN","Nuggets",26518960,1395734.73684211,4030000,242000,1246948.02145687
1998,"DET","Pistons",24876625,1658441.66666667,5850000,272250,1581907.27018918
1998,"GSW","Warriors",32856469,2346890.64285714,7770000,272250,1908641.8487032
1998,"LAC","Clippers",24493625,1632908.33333333,3580000,20000,1169775.11895551
1998,"LAL","Lakers",36304583,2593184.5,12857143,20000,3626341.23903976
1998,"MEM","Grizzlies",23123350,1541556.66666667,5700000,272250,1357878.25125223
1998,"MIL","Bucks",25919828,1851416.28571429,5510000,242000,1579949.29418322
1998,"MIN","Timberwolves",27787780,1736736.25,5500000,242000,1434765.81546432
1998,"NYK","Knicks",53974881,4151913.92307692,20500000,272250,5491760.13362569
1998,"OKC","Thunder",37592175,2211304.41176471,10514688,242000,2588939.08459131
1998,"ORL","Magic",43954299,2197714.95,14285714,5000,3434684.74254802
1998,"PHI","Sixers",28620520,2044322.85714286,8002800,242000,2150852.47793459
1998,"PHO","Suns",36937876,2308617.25,8e+06,50000,2541505.52337411
1998,"POR","Trailblazers",27786719,1852447.93333333,5010000,242000,1764481.90610318
1998,"SAC","Kings",29546350,1641463.88888889,4225200,1e+05,1500196.25272687
1998,"SAS","Spurs",38846163,2774725.92857143,12397440,272250,3144375.284983
1998,"TOR","Raptors",24748905,1546806.5625,3750000,242000,1096881.77444499
1998,"UTA","Jazz",28505442,2192726.30769231,5118578,242000,1717007.9958905
1998,"WAS","Wizards",40718075,2714538.33333333,11250000,242250,3335588.23210907
1999,"ATL","Hawks",40954940,2925352.85714286,11218000,287500,2992206.09199307
1999,"BKN","Nets",43735000,2429722.22222222,1.1e+07,350000,2575567.11757317
1999,"BOS","Celtics",32258856,1792158.66666667,5845000,287500,1382005.48887103
1999,"CHA","Hornets",29914500,2492875,7e+06,287500,2360415.71959648
1999,"CHI","Bulls",28640500,1591138.88888889,5280000,287500,1605879.47709032
1999,"CLE","Cavaliers",27778000,2136769.23076923,9740000,250000,2671771.12461148
1999,"DAL","Mavericks",35565568,2222848,6750000,287500,2051707.0130614
1999,"DEN","Nuggets",29392200,2099442.85714286,9e+06,287500,2325875.53397864
1999,"DET","Pistons",34699620,2168726.25,6675000,287500,2060454.7422705
1999,"GSW","Warriors",30985000,2383461.53846154,4370000,1131000,1152622.92297356
1999,"HOU","Rockets",30297100,3366344.44444444,12943000,287500,4934443.61278734
1999,"LAC","Clippers",28417580,1894505.33333333,4060000,287500,1178793.72986521
1999,"LAL","Lakers",41872000,2617000,1.5e+07,287500,3613477.92299884
1999,"MEM","Grizzlies",30793800,1710766.66666667,7222000,287500,1731385.8892942
1999,"MIA","Heat",42844000,3060285.71428571,13130000,537500,3370999.11413108
1999,"MIL","Bucks",33703240,2246882.66666667,6380000,350000,1633070.74317708
1999,"MIN","Timberwolves",32331480,2487036.92307692,1.4e+07,287500,3803103.98031087
1999,"NYK","Knicks",59945400,3996360,18500000,350000,5062352.44311236
1999,"OKC","Thunder",30413082,1900817.625,8715000,287500,2244063.41066904
1999,"ORL","Magic",46118000,2712823.52941176,8505000,287500,2554093.3319207
1999,"PHI","Sixers",41509920,2306106.66666667,6800000,287500,2200660.28580194
1999,"PHO","Suns",36101500,2406766.66666667,7800000,287500,2630682.65085772
1999,"SAC","Kings",31692000,2112800,1e+07,287500,3041304.6648249
1999,"UTA","Jazz",30298560,2524880,6142000,588000,1759146.33379634
1999,"WAS","Wizards",34018500,2616807.69230769,13125000,287500,3416847.53304893
2000,"ATL","Hawks",44169202,2598188.35294118,12820249,35176,3086406.62514314
2000,"BKN","Nets",53245461,3327841.3125,12375000,301875,3562703.67313621
2000,"BOS","Celtics",46152875,2429098.68421053,9e+06,26636,2296159.42614503
2000,"CLE","Cavaliers",46547966,2738115.64705882,10780000,27059,3081842.31482903
2000,"DAL","Mavericks",40014500,1818840.90909091,7560000,2706,2342927.78498316
2000,"DEN","Nuggets",43205814,2880387.6,9900000,301875,2964407.87741642
2000,"DET","Pistons",42141801,2217989.52631579,6939000,5882,2230560.17887387
2000,"GSW","Warriors",36133518,1571022.52173913,5250000,6000,1805974.90171214
2000,"HOU","Rockets",52269367,2489017.47619048,14302001,30000,3326549.00850645
2000,"LAC","Clippers",22489343,1405583.9375,3456240,114529,960962.780184225
2000,"LAL","Lakers",55018533,3056585.16666667,17142858,5000,4301143.50009273
2000,"MEM","Grizzlies",37432688,2339543,9e+06,7471,2751258.21874458
2000,"MIL","Bucks",44680197,2792512.3125,9e+06,301875,2695477.97392014
2000,"MIN","Timberwolves",42642272,2369015.11111111,16806300,4529,3981510.70352135
2000,"OKC","Thunder",38258910,2550594,11020473,301875,3424103.79458934
2000,"PHI","Sixers",43890593,2310031.21052632,9e+06,4529,2937992.65744543
2000,"SAC","Kings",40113125,2507070.3125,1.1e+07,25000,3204721.38542844
2000,"SAS","Spurs",42529801,2835320.06666667,11592683,301875,2779726.08594856
2000,"TOR","Raptors",34730320,2315354.66666667,5236000,385000,1392279.23864774
2000,"WAS","Wizards",53194441,2955246.72222222,1.5e+07,5000,4292685.4333482
2001,"ATL","Hawks",39297129,2619808.6,14400000,40000,3649142.63858406
2001,"BKN","Nets",68977578,4057504.58823529,13800000,316969,4083164.56978503
2001,"BOS","Celtics",51478707,2859928.16666667,10130000,316969,2710328.30218041
2001,"CHA","Hornets",46441558,2902597.375,8050000,316969,2753666.70140756
2001,"CHI","Bulls",29691907,1855744.1875,5520000,316969,1598799.852828
2001,"CLE","Cavaliers",49780549,2928267.58823529,10130000,316969,2382777.37985137
2001,"DAL","Mavericks",51445574,3026210.23529412,8400000,316969,2754839.08538917
2001,"DEN","Nuggets",52189220,3261826.25,10800000,510000,2912059.42941847
2001,"DET","Pistons",40475338,2380902.23529412,5310000,316969,1325598.72169704
2001,"GSW","Warriors",42363018,2491942.23529412,5610000,20000,1822353.85003155
2001,"HOU","Rockets",49283309,3285553.93333333,16700000,316969,3963624.31456299
2001,"IND","Pacers",55086140,3240361.17647059,10670000,423500,3171070.3892335
2001,"LAC","Clippers",29606189,1741540.52941176,3697440,316969,1044943.94955053
2001,"LAL","Lakers",58968213,3468718.41176471,19285715,270000,4844540.42514086
2001,"MEM","Grizzlies",48899840,3259989.33333333,10130000,498500,3097451.56035332
2001,"MIA","Heat",73472329,4081796.05555556,16880000,16000,4737307.36595404
2001,"MIL","Bucks",57819318,3401136.35294118,10130000,316969,3215470.14744982
2001,"MIN","Timberwolves",47488500,3165900,19610000,498500,4941658.2672043
2001,"OKC","Thunder",51538658,3681332.71428571,1.4e+07,316969,4787785.05097599
2001,"ORL","Magic",37459860,2675704.28571429,9660000,94000,3180376.22629949
2001,"PHO","Suns",53906347,3593756.46666667,10130000,316969,3484009.80986047
2001,"POR","Trailblazers",87395140,5826342.66666667,13750000,611000,5056423.76362056
2001,"SAC","Kings",46266289,3304734.92857143,1.2e+07,316969,3413416.39459175
2001,"TOR","Raptors",38313749,2394609.3125,5760000,316969,1686137.36949225
2001,"UTA","Jazz",53893860,3592924,15750000,498500,4410144.04341497
2001,"WAS","Wizards",59085969,3475645.23529412,16875000,316969,4556172.38910699
2002,"ATL","Hawks",51525207,3220325.4375,11250000,26190,3630189.45721377
2002,"BKN","Nets",75193712,4177428.44444444,15125000,122218,4217042.05150565
2002,"BOS","Celtics",47515677,3167711.8,11250000,540850,3053721.32533264
2002,"CHA","Hornets",49999445,2777746.94444444,7975000,465850,2330868.40660876
2002,"CHI","Bulls",42592857,2505462.17647059,6750000,332817,2122567.96099925
2002,"CLE","Cavaliers",45649974,3043331.6,11250000,332817,2890242.09428612
2002,"DAL","Mavericks",57960080,2898004,18750000,79535,4500136.97648972
2002,"DEN","Nuggets",54460475,3203557.35294118,11700000,112797,3388411.93711702
2002,"DET","Pistons",42417677,2827845.13333333,7656250,332817,2117913.2167627
2002,"GSW","Warriors",47681152,3405796.57142857,6235000,332817,1907802.43428561
2002,"HOU","Rockets",49168169,3073010.5625,8800000,332817,2547448.90240698
2002,"IND","Pacers",53398621,3559908.06666667,12045075,332817,3891837.40176109
2002,"LAC","Clippers",33849932,2115620.75,4662472,540850,1328848.94604052
2002,"LAL","Lakers",54262017,3617467.8,21428572,28405,5721866.38526218
2002,"MEM","Grizzlies",50920631,3394708.73333333,11555554,332817,2894180.79698782
2002,"MIA","Heat",53351186,3334449.125,18754800,60881,5196929.65654104
2002,"MIL","Bucks",56224266,3748284.4,11250000,465850,3577074.35225552
2002,"MIN","Timberwolves",55093782,3672918.8,22400000,332817,5653695.91316803
2002,"NYK","Knicks",85993039,5058414.05882353,12750000,465850,3808546.51859933
2002,"OKC","Thunder",45556733,3037115.53333333,12926493,332817,4013407.300291
2002,"ORL","Magic",45984001,3065600.06666667,10865250,590850,3341204.79521963
2002,"PHI","Sixers",58073366,3416080.35294118,14315790,19787,4434119.58075137
2002,"PHO","Suns",56596369,3537273.0625,11250000,89292,3941569.19942927
2002,"POR","Trailblazers",84292850,5619523.33333333,18083564,332817,5972236.50292656
2002,"SAC","Kings",54921012,4224693.23076923,12750000,465850,3662161.73376334
2002,"SAS","Spurs",45844814,3056320.93333333,10865250,465850,3612791.04104908
2002,"TOR","Raptors",52657161,3291072.5625,1.1e+07,332817,2683859.05242753
2002,"UTA","Jazz",52642362,4049412.46153846,17500000,332817,4780048.61882094
2002,"WAS","Wizards",54776087,2882951.94736842,1e+07,332817,2183078.70052271
2003,"ATL","Hawks",55711549,3095086.05555556,12375000,29832,3921492.24651347
2003,"BKN","Nets",60412919,3775807.4375,16105264,349458,4247125.46277059
2003,"BOS","Celtics",52548195,4042168.84615385,12375000,46642,4580017.89034975
2003,"CHI","Bulls",44531095,2619476.17647059,12072500,349458,2882377.07560642
2003,"CLE","Cavaliers",49610448,3307363.2,12375000,349458,3182845.06002241
2003,"DAL","Mavericks",72940316,4052239.77777778,11953125,60361,3872231.38660588
2003,"DEN","Nuggets",49109209,2584695.21052632,20625000,138171,4648424.90447586
2003,"DET","Pistons",47777888,2986118,8421875,512435,2076941.81452731
2003,"GSW","Warriors",47737715,2983607.1875,10067750,18748,3044471.77441818
2003,"IND","Pacers",53472323,3819451.64285714,12046473,512435,3415580.68641214
2003,"LAC","Clippers",42955777,2386432.05555556,6061213,512435,1484321.23089906
2003,"LAL","Lakers",63151182,4510798.71428571,23571429,124984,6334920.04639363
2003,"MEM","Grizzlies",61009172,3588774.82352941,12999998,349458,3233696.77374171
2003,"MIA","Heat",57378326,3825221.73333333,20629800,349458,5883935.15305052
2003,"MIL","Bucks",57995152,4142510.85714286,12375000,349458,3876429.0425978
2003,"MIN","Timberwolves",59518801,3967920.06666667,25200000,321926,6401708.8987872
2003,"NOP","Pelicans",44458882,3175634.42857143,8050000,750000,2581522.85765726
2003,"NYK","Knicks",93452379,5497198.76470588,14343750,587435,4446595.16581539
2003,"OKC","Thunder",53167479,4089806.07692308,12636117,349458,3759986.40400936
2003,"ORL","Magic",50435346,3152209.125,12072500,349458,3652961.34632096
2003,"PHO","Suns",55225080,3944648.57142857,12375000,512435,4579562.86712432
2003,"POR","Trailblazers",105595657,6211509.23529412,19727524,512435,5918018.81959022
2003,"SAC","Kings",70416596,4694439.73333333,14343750,637435,4041910.85929466
2003,"SAS","Spurs",53182559,3545503.93333333,12072500,34946,4054023.96709336
2003,"TOR","Raptors",55408207,2916221.42105263,1.2e+07,35819,3472468.97925687
2003,"UTA","Jazz",50934629,3183414.3125,19250000,546000,4911765.66305008
2003,"WAS","Wizards",46691190,2457431.05263158,6375000,124984,1936331.64213797
2004,"ATL","Hawks",64497340,4606952.85714286,13500000,366931,4632201.79141345
2004,"BKN","Nets",63697123,3352480.15789474,13626624,104390,4185123.17067562
2004,"BOS","Celtics",60185915,4012394.33333333,13500000,366931,4159857.76537665
2004,"CHI","Bulls",55489797,3468112.3125,12925000,366931,3100541.45401904
2004,"CLE","Cavaliers",46186472,2886654.5,13500000,36643,3270109.69311479
2004,"DEN","Nuggets",39398646,2462415.375,8e+06,366931,2204722.72292588
2004,"DET","Pistons",53442834,3562855.6,6500000,638679,1965966.32995016
2004,"GSW","Warriors",53376708,2965372.66666667,11956625,72843,3088043.69581048
2004,"HOU","Rockets",55401430,3258907.64705882,10960000,53697,3157843.74262969
2004,"IND","Pacers",58156236,3877082.4,13152000,366931,3552767.38056629
2004,"LAL","Lakers",64123085,4274872.33333333,24749999,366931,6582759.60035418
2004,"MEM","Grizzlies",58176928,3636058,7e+06,366931,2370053.08697947
2004,"MIA","Heat",47349374,2785257.29411765,12333750,8950,4225310.66406137
2004,"MIL","Bucks",53229826,3326864.125,11825000,530943,3239453.84923549
2004,"MIN","Timberwolves",71272042,4751469.46666667,2.8e+07,202341,7412827.16965956
2004,"NOP","Pelicans",49800204,3320013.6,10960000,825000,3189336.118121
2004,"NYK","Knicks",89444820,5261460,15937500,129768,4726693.83516202
2004,"OKC","Thunder",52347476,3489831.73333333,13500000,366931,3585434.59333839
2004,"ORL","Magic",50588419,2662548.36842105,13279750,32375,3924028.77008872
2004,"PHO","Suns",66931770,4780840.71428571,13500000,663679,5186042.44902467
2004,"POR","Trailblazers",82956768,5184798,1.7e+07,143537,5671996.97057501
2004,"SAC","Kings",68372826,4883773.28571429,15937500,145686,4933862.27261944
2004,"SAS","Spurs",46464064,2904004,12676125,75615,3368356.84771595
2004,"TOR","Raptors",63033243,3707837.82352941,13279750,563679,3702806.36701822
2004,"UTA","Jazz",34747674,2171729.625,8666666,350581,2576315.15083394
2004,"WAS","Wizards",45682902,3263064.42857143,8536000,366931,2586413.08550533
2005,"ATL","Hawks",41059616,2566226,14625000,34118,3565419.54895476
2005,"BKN","Nets",54983980,3665598.66666667,14989285,84573,5462046.53906518
2005,"BOS","Celtics",64577356,3798668,12584688,385277,3384690.94215223
2005,"CLE","Cavaliers",49175274,3278351.6,14625000,788000,3356033.36103648
2005,"DAL","Mavericks",91908443,5406379,14609375,8e+05,4051748.18375601
2005,"DET","Pistons",54762481,3422655.0625,9720000,385277,2973649.63030373
2005,"GSW","Warriors",54943723,3662914.86666667,10068750,385277,2530435.7380272
2005,"HOU","Rockets",60284303,3767768.9375,14487000,385277,3614106.40894333
2005,"IND","Pacers",66064780,3477093.68421053,14796000,45369,3804413.63903887
2005,"LAC","Clippers",45483265,3248804.64285714,12056000,450000,3646929.50015737
2005,"LAL","Lakers",65059098,4337273.2,14175000,305403,4606607.65417218
2005,"MEM","Grizzlies",67010830,3941813.52941176,7700000,385277,2579552.97001535
2005,"MIA","Heat",59523529,3720220.5625,27696430,28191,7116796.63830062
2005,"MIL","Bucks",57448246,2872412.3,14487000,116713,3293903.93103984
2005,"MIN","Timberwolves",70123411,5394108.53846154,1.6e+07,695046,5102135.00908761
2005,"NOP","Pelicans",56572882,3142937.88888889,12330000,32890,3772831.31809575
2005,"NYK","Knicks",102567539,6410471.1875,17531250,385277,5566715.53999052
2005,"OKC","Thunder",53821301,3588086.73333333,14625000,385277,3845177.79390276
2005,"ORL","Magic",66445249,4429683.26666667,14487000,385277,4269772.42393015
2005,"PHI","Sixers",71951878,3997326.55555556,14625000,516865,3954218.34533636
2005,"PHO","Suns",44598682,2973245.46666667,12330000,108066,3540518.63271646
2005,"POR","Trailblazers",83671309,4921841.70588235,14625000,65779,4955981.76600305
2005,"SAC","Kings",61807688,4754437.53846154,17531250,79029,5167055.0942581
2005,"TOR","Raptors",61703775,3427987.5,14487000,203428,3343618.70134118
2005,"UTA","Jazz",43515760,2901050.66666667,10967500,720046,2935325.00715053
2005,"WAS","Wizards",49797050,3319803.33333333,12584688,6e+05,3594663.52239772
2006,"ATL","Hawks",42944553,2862970.2,1.2e+07,178675,3144210.59455943
2006,"BKN","Nets",66449350,4153084.375,16440000,35091,4980396.74269657
2006,"BOS","Celtics",56907300,3347488.23529412,13843156,398762,3822970.88140515
2006,"CHI","Bulls",57166530,3362737.05882353,13975000,52033,3441394.71807357
2006,"CLE","Cavaliers",51303962,3420264.13333333,10344900,329138,3033636.34163342
2006,"DAL","Mavericks",98454832,4922741.6,15937500,398762,5093747.17518912
2006,"DEN","Nuggets",56492172,3766144.8,10636364,719373,3192023.06289686
2006,"DET","Pistons",59619275,3726204.6875,10860000,398762,3165697.33139664
2006,"GSW","Warriors",57114566,4079611.85714286,13700000,155614,3993608.78386398
2006,"HOU","Rockets",69257404,3297971.61904762,15694250,17546,3540028.16829083
2006,"IND","Pacers",78791779,4924486.1875,16440000,364223,3954803.64427296
2006,"LAC","Clippers",51358645,3021096.76470588,13152000,31305,3590939.95649646
2006,"LAL","Lakers",72917945,4289290.88235294,15946875,398762,5011710.24893128
2006,"MEM","Grizzlies",67525538,3972090.47058824,14576250,103443,4076108.50914176
2006,"MIA","Heat",60732452,3374025.11111111,2e+07,38904,4768462.98252184
2006,"MIL","Bucks",63022514,3707206.70588235,1.2e+07,131593,3456112.19964042
2006,"MIN","Timberwolves",61830186,3435010.33333333,1.8e+07,398762,4457462.94025723
2006,"NOP","Pelicans",41277617,2579851.0625,8e+06,150751,2277409.38794378
2006,"NYK","Knicks",126631098,6664794.63157895,19125000,131593,5948960.86715803
2006,"OKC","Thunder",49253379,3078336.1875,13223140,305784,3462233.97442463
2006,"ORL","Magic",75784782,4736548.875,15694250,398762,4663258.87627686
2006,"PHI","Sixers",84807300,4463542.10526316,19125000,92396,5528011.51623264
2006,"POR","Trailblazers",60017964,3751122.75,11666666,641748,3873640.9933601
2006,"SAC","Kings",62811975,4831690.38461538,11500000,398762,3631883.75953365
2006,"TOR","Raptors",62411884,3671287.29411765,15694250,641748,3482949.80307798
2006,"UTA","Jazz",57372902,3824860.13333333,11593816,398762,3703855.73969255
2006,"WAS","Wizards",54555947,3637063.13333333,13843156,398762,3866182.45934641
2007,"ATL","Hawks",48581972,2556945.89473684,12744189,55365,3073358.0728306
2007,"BKN","Nets",64486110,3793300.58823529,18084000,150000,5531579.80253365
2007,"CHI","Bulls",54754904,3422181.5,1.6e+07,55000,3891110.13938633
2007,"CLE","Cavaliers",62992729,4199515.26666667,13363012,412718,3680992.19942565
2007,"DET","Pistons",59010951,3688184.4375,11650000,412718,3570211.35647315
2007,"GSW","Warriors",65012368,3250618.4,15070000,20133,4079049.10231205
2007,"HOU","Rockets",63837566,3546531.44444444,16901500,31250,4494975.18682592
2007,"LAC","Clippers",59181038,2818144.66666667,14248000,15099,3667807.10909857
2007,"LAL","Lakers",77099949,4818746.8125,17718750,664209,5496551.4375339
2007,"MEM","Grizzlies",61960489,3644734.64705882,14863778,20279,4350881.37229721
2007,"MIL","Bucks",63498518,3342027.26315789,13260000,161061,3574129.00703204
2007,"MIN","Timberwolves",66820673,4454711.53333333,2.1e+07,86221,5128392.85246555
2007,"NOP","Pelicans",53748991,3359311.9375,10800000,412718,3353124.96082309
2007,"OKC","Thunder",56986831,3352166.52941176,14611570,19466,3960192.15068898
2007,"ORL","Magic",61447108,3840444.25,16901500,412718,3932169.31100603
2007,"PHI","Sixers",69140163,4067068.41176471,17600000,105696,4523956.69648336
2007,"PHO","Suns",65841120,4389408,15070000,162660,4766270.01259197
2007,"POR","Trailblazers",75026386,4413316.82352941,1.2e+07,120796,3981483.68328587
2007,"SAC","Kings",64296611,3572033.94444444,12500000,75000,3758224.93185243
2007,"SAS","Spurs",65654320,4376954.66666667,17429672,405435,4397315.59393262
2007,"TOR","Raptors",51015491,2834193.94444444,7280000,83026,1947860.08978117
2007,"WAS","Wizards",62733705,3690217.94117647,15101625,135895,4229824.01605198
2008,"ATL","Hawks",55501133,4269317.92307692,13500000,253499,4474972.9877704
2008,"BKN","Nets",61836211,3254537.42105263,13320000,151089,3728042.57000212
2008,"CHI","Bulls",63084166,3710833.29411765,12000084,101451,3740808.13232299
2008,"CLE","Cavaliers",82217583,5481172.2,15500000,264897,5127570.45910457
2008,"DAL","Mavericks",101694879,6355929.9375,19728000,427163,6796288.05970306
2008,"DEN","Nuggets",82958227,5184889.1875,19012500,151089,5965105.94732659
2008,"DET","Pistons",65898875,4118679.6875,12540000,427163,4006943.2599014
2008,"GSW","Warriors",62148303,3270963.31578947,16440000,48056,4147680.75842123
2008,"IND","Pacers",66260246,4417349.73333333,19728000,112130,5183302.55011916
2008,"LAC","Clippers",64847945,3814585,15344000,56065,4195970.38776805
2008,"LAL","Lakers",72626796,5187628.28571429,19490625,427163,5945856.70011797
2008,"MEM","Grizzlies",54118526,2848343.47368421,9075000,85932,2941568.84472622
2008,"MIA","Heat",74767603,4398094.29411765,16440000,279415,4829383.86558475
2008,"MIL","Bucks",62571522,4171434.8,14520000,427163,3924273.39139676
2008,"MIN","Timberwolves",69043895,3633889.21052632,11666666,427163,2897868.00013346
2008,"NOP","Pelicans",62609991,3913124.4375,11664000,5e+05,3770424.0670834
2008,"NYK","Knicks",96190114,5658242,19012500,810000,5027817.67480083
2008,"OKC","Thunder",60861388,3803836.75,6500000,802000,1969565.74352969
2008,"ORL","Magic",58165973,3635373.3125,14880000,160071,3558435.25259729
2008,"PHO","Suns",71323049,5486388.38461538,2e+07,283953,6262901.96414152
2008,"POR","Trailblazers",73241335,4577583.4375,15070000,427163,4140043.37450929
2008,"SAS","Spurs",70048523,3686764.36842105,19014188,12890,4881745.06838503
2008,"TOR","Raptors",66042375,4127648.4375,12455000,427163,3125271.28518525
2008,"UTA","Jazz",64959089,4330605.93333333,13735000,687456,4106293.7217746
2008,"WAS","Wizards",65278996,4662785.42857143,16360094,67151,4807604.04937058
2009,"ATL","Hawks",68168841,4544589.4,14983603,442114,4852687.66947968
2009,"BKN","Nets",62666523,4177768.2,14724125,442411,4058553.3073627
2009,"BOS","Celtics",79188973,6091459.46153846,24751934,542114,8388174.37974063
2009,"CHI","Bulls",68126774,4866198.14285714,11375000,87893,3649080.21776278
2009,"CLE","Cavaliers",91298233,5706139.5625,14500000,187258,5253620.45826851
2009,"DAL","Mavericks",95045559,5590915.23529412,21372000,826269,6432043.2015805
2009,"DEN","Nuggets",70121003,4674733.53333333,14431816,51976,5106432.47536867
2009,"DET","Pistons",71434174,5494936.46153846,20840625,442114,6360446.57442949
2009,"HOU","Rockets",73302272,4311898.35294118,20370437,794491,5461548.25577783
2009,"IND","Pacers",69668818,4354301.125,10126984,711517,3321532.45301462
2009,"LAC","Clippers",62764206,3303379.26315789,14666667,297163,4430062.99688319
2009,"LAL","Lakers",78245793,5588985.21428571,21262500,442114,6464916.03004719
2009,"MEM","Grizzlies",55958148,2945165.68421053,8854475,370000,2322405.44775469
2009,"MIL","Bucks",71360656,4197685.64705882,15780000,387613,4394967.98834617
2009,"MIN","Timberwolves",66445144,4152821.5,1.1e+07,442114,2970029.8924315
2009,"NOP","Pelicans",67530808,4502053.86666667,12528000,26007,4020037.97719394
2009,"NYK","Knicks",96643646,7434126.61538462,20840625,1173480,5389879.31817518
2009,"OKC","Thunder",68341605,3596926.57894737,7647500,32842,2201022.85812491
2009,"ORL","Magic",69672979,5359459.92307692,16447871,711517,4947221.99927908
2009,"PHI","Sixers",68301007,4878643.35714286,13757844,854957,4664777.80542697
2009,"PHO","Suns",76130408,5437886.28571429,2.1e+07,54410,6817683.66992303
2009,"POR","Trailblazers",80260059,4721179.94117647,17180000,826269,4490280.29638264
2009,"SAC","Kings",69204512,3844695.11111111,8760335,711517,2886271.25759439
2009,"SAS","Spurs",68020487,3778915.94444444,20598704,74251,5301380.42269049
2009,"TOR","Raptors",73446970,5246212.14285714,17810000,442114,5067422.39463996
2009,"UTA","Jazz",65841407,4389427.13333333,15106000,797581,4331185.61112919
2009,"WAS","Wizards",70743317,4421457.3125,14653466,184157,4089732.18597959
2010,"ATL","Hawks",65883642,4705974.42857143,14976754,307564,4530236.86858477
2010,"BKN","Nets",59366715,3492159.70588235,10560000,736000,2673166.54891619
2010,"BOS","Celtics",83552174,5968012.42857143,19795712,193802,6901913.11439902
2010,"CHI","Bulls",69700359,4100021.11764706,12250000,43319,3669618.28643517
2010,"CLE","Cavaliers",83398534,4905796.11764706,2e+07,53834,5880907.62822877
2010,"DAL","Mavericks",88916075,6351148.21428571,19795714,1e+06,5293797.39525117
2010,"DEN","Nuggets",74935538,5352538.42857143,15779912,884881,5591010.29349779
2010,"DET","Pistons",60185833,4012388.86666667,11625000,457588,3846442.13758347
2010,"GSW","Warriors",65352372,3439598.52631579,1.1e+07,43319,3361210.50422558
2010,"HOU","Rockets",68914971,3627103.73684211,16378325,48559,4102379.68837138
2010,"IND","Pacers",66733257,4170828.5625,11047619,457588,3699735.20321555
2010,"LAC","Clippers",61616409,3423133.83333333,12150000,26917,3267936.69070931
2010,"LAL","Lakers",91378064,7029081.84615385,23034375,959111,6567405.19491417
2010,"MEM","Grizzlies",57287474,3015130.21052632,1.6e+07,26917,3647938.4845147
2010,"MIA","Heat",74208013,4947200.86666667,23016000,255054,6571784.6203967
2010,"MIL","Bucks",66775602,4173475.125,17040000,303232,4361879.79902482
2010,"MIN","Timberwolves",62253360,3661962.35294118,1.2e+07,736420,3071645.37075087
2010,"NOP","Pelicans",70163827,5011701.92857143,13520500,69518,4870750.18029012
2010,"NYK","Knicks",85710076,5714005.06666667,23239562,736420,6026408.37318286
2010,"OKC","Thunder",58438646,3075718.21052632,7350000,175908,2469835.95594351
2010,"ORL","Magic",82200916,6323147.38461538,18876000,1306455,6257163.66645176
2010,"PHI","Sixers",64883448,4634532,14858471,650000,4859597.97976444
2010,"PHO","Suns",65288544,4352569.6,16378325,451866,5385373.52164229
2010,"POR","Trailblazers",56946258,3349779.88235294,9e+06,51983,3038448.92647157
2010,"SAC","Kings",67515718,3553458.84210526,13655268,76850,3610285.44841762
2010,"SAS","Spurs",79338309,5667022.07142857,22183220,736420,6648390.47468953
2010,"TOR","Raptors",67822433,4238902.0625,15779912,85519,4090309.05220419
2010,"UTA","Jazz",71905244,5992103.66666667,16452000,269169,5712892.95051746
2010,"WAS","Wizards",73440274,4590017.125,16192080,80488,4861311.63257773
2011,"ATL","Hawks",71469843,5104988.78571429,16324500,473604,5076595.25695003
2011,"BKN","Nets",58495989,3899732.6,14940152,52066,3767379.73149662
2011,"BOS","Celtics",82045867,5860419.07142857,18800000,136509,5465511.04775487
2011,"CHI","Bulls",54538076,4195236.61538462,14400000,208264,4237968.30911689
2011,"CLE","Cavaliers",53990021,3175883.58823529,13358905,321652,4190152.60921885
2011,"DAL","Mavericks",85409890,5338118.125,17278618,134863,5338926.29208012
2011,"DEN","Nuggets",68019290,4858520.71428571,16545454,473604,4523427.9675753
2011,"GSW","Warriors",68415336,4561022.4,11968253,342666,4255966.975299
2011,"HOU","Rockets",72315654,4821043.6,17686100,780871,4609926.84528442
2011,"IND","Pacers",65088630,4068039.375,10973202,750000,3591499.43886654
2011,"LAC","Clippers",53225329,3326583.0625,11800000,5e+05,3187888.47582309
2011,"LAL","Lakers",91428140,6530581.42857143,24806250,473604,7339306.18458021
2011,"MEM","Grizzlies",70241344,4131843.76470588,17666666,203057,4966516.50252746
2011,"MIL","Bucks",69076690,4063334.70588235,18300000,98637,4993722.67731496
2011,"MIN","Timberwolves",53461123,3341320.1875,11530592,83305,2686638.49198268
2011,"NOP","Pelicans",68230729,4013572.29411765,14940153,67432,4181946.22892765
2011,"NYK","Knicks",67016562,4467770.8,17149243,473604,5920280.9186007
2011,"OKC","Thunder",55922488,3994463.42857143,13250000,1200000,3236824.42371861
2011,"ORL","Magic",90770804,6483628.85714286,17730694,1028400,6030422.47082497
2011,"PHI","Sixers",68915246,4922517.57142857,15959099,762195,4432997.95002161
2011,"POR","Trailblazers",74584058,4972270.53333333,13520500,27859,4839030.81205165
2011,"SAC","Kings",45268465,2829279.0625,13428129,473604,3358814.31898419
2011,"SAS","Spurs",69522311,3659069,18700000,55718,5467571.87023761
2011,"TOR","Raptors",69992648,3683823.57894737,14896000,58393,3899851.9358815
2011,"UTA","Jazz",75855296,5418235.42857143,17823000,473604,5294711.61152796
2011,"WAS","Wizards",58324988,3240277.11111111,19573711,89670,4481572.68648727
2012,"ATL","Hawks",73669912,4604369.5,18038573,122237,5429141.99152358
2012,"BKN","Nets",65281235,3264061.75,16359805,61433,4142758.50688672
2012,"BOS","Celtics",79820530,5321368.66666667,21247044,473604,6223705.86640938
2012,"CHI","Bulls",69548447,4967746.21428571,13500000,277566,4590786.59052425
2012,"CLE","Cavaliers",64875599,3604199.94444444,15076715,61433,4476163.90013403
2012,"DAL","Mavericks",74463409,5727954.53846154,19092873,788872,5649893.21780499
2012,"DEN","Nuggets",58553173,3903544.86666667,1.3e+07,289382,3471914.5022058
2012,"DET","Pistons",70923605,4728240.33333333,12500000,374289,3836270.09981728
2012,"GSW","Warriors",61576901,3622170.64705882,11610000,116768,3769111.29042767
2012,"HOU","Rockets",57021755,3563859.6875,11519840,270427,3217341.32008646
2012,"IND","Pacers",51554083,3682434.5,12015904,810000,3524264.96148732
2012,"LAC","Clippers",67333389,3960787.58823529,16359805,42009,4488809.38111093
2012,"LAL","Lakers",88264478,5516529.875,25244493,73818,7508225.03838866
2012,"MEM","Grizzlies",70628007,4414250.4375,15200000,65446,5281541.03329992
2012,"MIA","Heat",74117458,4941163.86666667,16022500,248263,5869776.94306431
2012,"MIL","Bucks",60192388,4012825.86666667,1.2e+07,245884,3358022.9760534
2012,"MIN","Timberwolves",56844339,3789622.6,6262347,5e+05,1558136.81197195
2012,"NOP","Pelicans",65441008,3635611.55555556,14030000,76392,4258109.09882923
2012,"NYK","Knicks",76208092,4763005.75,18518574,473604,6595443.91395961
2012,"OKC","Thunder",59501709,3718856.8125,15506632,475000,3627965.07094989
2012,"ORL","Magic",86962825,5435176.5625,19269307,414443,6051131.05795238
2012,"PHI","Sixers",66672368,4762312,17059727,305792,5076702.10510624
2012,"PHO","Suns",80640576,5040036,18300000,51097,4562195.15599847
2012,"POR","Trailblazers",79568536,4973033.5,16032144,762195,4949773.71098709
2012,"SAC","Kings",48950236,3496445.42857143,8500000,473604,2413561.80253598
2012,"SAS","Spurs",73732762,4337221.29411765,21164619,38172,6022425.01387624
2012,"TOR","Raptors",55063049,3670869.93333333,9780992,830000,3005190.13939992
2012,"UTA","Jazz",56948761,4380673.92307692,1.4e+07,544331,3873492.72879326
2012,"WAS","Wizards",55386345,3692423,21136631,270427,5165303.96284004
2013,"ATL","Hawks",66768365,3709353.61111111,13200000,165487,3902114.95188833
2013,"BKN","Nets",84290205,5268137.8125,19752645,50258,6760806.0496404
2013,"CHI","Bulls",75627699,5401978.5,16402500,589769,5862564.00936092
2013,"CLE","Cavaliers",68428583,3258503.95238095,14850000,251076,3456533.08904024
2013,"DAL","Mavericks",67399169,3369958.45,20907128,23852,4867338.5221893
2013,"DEN","Nuggets",68566062,4285378.875,14968250,473604,4036778.60889728
2013,"GSW","Warriors",69695346,5361180.46153846,1.3e+07,473604,4415339.99162029
2013,"IND","Pacers",66687960,4167997.5,13686750,122625,4513566.2134179
2013,"LAC","Clippers",74354449,4647153.0625,17779458,250000,4729971.89037766
2013,"LAL","Lakers",100451593,6696772.86666667,27849149,192228,8564067.43124264
2013,"MEM","Grizzlies",62954838,4496774.14285714,16500000,61290,5022044.91979272
2013,"MIA","Heat",81558311,5097394.4375,17545000,186656,6328134.31358374
2013,"MIL","Bucks",62476395,4165093,1.1e+07,854389,2979686.19079869
2013,"MIN","Timberwolves",69001896,3285804.57142857,13668750,80413,3402621.42794193
2013,"NOP","Pelicans",63901224,3758895.52941176,13700000,44835,4344819.87651356
2013,"NYK","Knicks",77970893,5198059.53333333,19948799,437470,6718341.8982215
2013,"OKC","Thunder",67863244,4524216.26666667,16669630,413608,5414953.03788631
2013,"ORL","Magic",87114818,4584990.42105263,20807922,473504,5187536.7946716
2013,"PHI","Sixers",84032270,4668459.44444444,16889000,89670,5033423.62808622
2013,"PHO","Suns",60844774,3380265.22222222,7500000,473604,2476596.08702261
2013,"POR","Trailblazers",73656857,4332756.29411765,16359805,550000,4712680.25594739
2013,"SAC","Kings",54317436,3879816.85714286,8083000,762195,2148635.27752292
2013,"SAS","Spurs",69787704,4361731.5,14107492,145749,4590265.09090434
2013,"TOR","Raptors",66974563,4185910.1875,16460538,181018,4198460.88249664
2013,"UTA","Jazz",64717649,4978280.69230769,1.5e+07,473604,4061761.75554445
2013,"WAS","Wizards",66343388,3317169.4,13490000,67253,4058600.50739498
2014,"ATL","Hawks",55131673,3937976.64285714,1.2e+07,1e+05,3774574.63044706
2014,"BKN","Nets",102608995,6840599.66666667,21466718,788872,7407513.64125067
2014,"BOS","Celtics",63769609,5797237.18181818,1.2e+07,1210080,4303132.02768671
2014,"CHI","Bulls",85095835,6545833.46153846,17632688,1e+06,6068437.16469513
2014,"CLE","Cavaliers",47050404,4277309.45454545,9036364,1467840,2234929.28487486
2014,"DAL","Mavericks",67486257,4820446.92857143,22721381,788872,5886508.75682294
2014,"DEN","Nuggets",67324401,4488293.4,10786517,788872,3548509.03062348
2014,"DET","Pistons",59157073,4929756.08333333,13500000,884293,3826398.16866841
2014,"GSW","Warriors",66764126,5135702,1.4e+07,788872,5365485.67594398
2014,"HOU","Rockets",63413126,3963320.375,20513178,1e+05,5842284.21729115
2014,"IND","Pacers",55015196,4584599.66666667,14283844,788872,4511968.8037666
2014,"LAC","Clippers",73103861,5623373.92307692,18668431,947907,6022295.04878919
2014,"LAL","Lakers",76755609,6396300.75,30453805,788872,9255568.44369991
2014,"MEM","Grizzlies",73789859,5270704.21428571,17800000,788872,5203427.6798184
2014,"MIA","Heat",82218984,5872784.57142857,19067500,788872,7185919.86616778
2014,"MIL","Bucks",49175131,3512509.35714286,8e+06,788872,2291064.40041532
2014,"MIN","Timberwolves",67485845,4820417.5,14693906,916099,4027031.17095871
2014,"NOP","Pelicans",62186089,4783545.30769231,14283844,788872,4388629.02657252
2014,"NYK","Knicks",88890427,6837725.15384615,22407474,884293,7967646.87830997
2014,"OKC","Thunder",71181364,5084383.14285714,17832627,1082520,5774310.82836405
2014,"ORL","Magic",58318374,3644898.375,1.2e+07,788872,3307999.02733867
2014,"PHI","Sixers",58945006,4210357.57142857,14021788,788872,3796792.30825461
2014,"PHO","Suns",64412586,3788975.64705882,14487500,2e+05,3612109.66585521
2014,"POR","Trailblazers",61539586,4395684.71428571,14128000,788872,3928082.64288511
2014,"SAC","Kings",78765372,5251024.8,17888931,884293,4059558.75149948
2014,"SAS","Spurs",63666028,4547573.42857143,12500000,788872,3938571.54525612
2014,"TOR","Raptors",53076014,3791143.85714286,9500000,788872,2545821.69631713
2014,"UTA","Jazz",54491476,4540956.33333333,11046000,1078800,3210930.96875307
2014,"WAS","Wizards",64064905,4576064.64285714,1.3e+07,916099,3376173.30380656
2015,"ATL","Hawks",58337671,3431627.70588235,1.2e+07,29843,3475013.52391778
2015,"BKN","Nets",91873492,5742093.25,23180790,62552,7398862.26675817
2015,"BOS","Celtics",61092622,2909172.47619048,10105855,48028,2762850.15345331
2015,"CLE","Cavaliers",82038768,5469251.2,20644400,434547,5881542.95213601
2015,"DAL","Mavericks",83970065,3998574.52380952,14700000,25000,4969795.29257101
2015,"DEN","Nuggets",56278056,2962002.94736842,11595506,19914,3401932.03819662
2015,"DET","Pistons",66738182,4171136.375,1.4e+07,107676,3789429.4647459
2015,"GSW","Warriors",73623654,3874929.15789474,15012000,35000,4948284.19262333
2015,"HOU","Rockets",87299371,3968153.22727273,21436271,150000,5269733.12116741
2015,"IND","Pacers",75174324,5011621.6,15925680,507336,5243921.16052827
2015,"LAC","Clippers",80901123,4257953.84210526,20068563,55774,5920981.0066313
2015,"LAL","Lakers",70914495,3939694.16666667,23500000,44765,5803869.8019643
2015,"MEM","Grizzlies",75341226,4185623.66666667,16500000,59686,5214714.7954611
2015,"MIA","Heat",82351805,4844223.82352941,20644400,50000,5774704.2524823
2015,"MIL","Bucks",61443341,2925873.38095238,1.1e+07,59686,2910232.52342309
2015,"MIN","Timberwolves",64733364,3596298,12100000,29843,3768560.97223628
2015,"NOP","Pelicans",69390028,3652106.73684211,14898938,96056,4564913.7759912
2015,"NYK","Knicks",83022165,4151108.25,23410988,15000,7015188.19406468
2015,"OKC","Thunder",78791632,4924477,18995624,915243,5619841.69381194
2015,"ORL","Magic",53338463,2666923.15,8175476,1e+05,2127977.38982706
2015,"PHI","Sixers",56455990,2090962.59259259,11250000,40000,2478557.82040238
2015,"PHO","Suns",66503432,3022883.27272727,12173913,29843,3120395.85365791
2015,"POR","Trailblazers",92220907,5424759.23529412,19317326,50734,5528581.88504642
2015,"SAC","Kings",73675912,3877679.57894737,19317325,29843,5070999.16717276
2015,"SAS","Spurs",69614583,3867476.83333333,12500000,20000,3770017.64526795
2015,"TOR","Raptors",75562364,4444844.94117647,1.2e+07,25000,3277656.99323086
2015,"UTA","Jazz",58996387,2681653.95454545,14746000,29843,4247552.05044415
2015,"WAS","Wizards",83108421,4617134.5,14746000,96056,4393244.77790686
2016,"ATL","Hawks",71453126,4465820.375,1.9e+07,75000,5174706.42457417
2016,"BKN","Nets",83831503,4191575.15,24894863,50000,6845851.88827566
2016,"BOS","Celtics",77202316,3509196.18181818,15493680,9266,4020115.36491484
2016,"CHA","Hornets",77609865,4850616.5625,13833333,80000,4482843.95400356
2016,"CHI","Bulls",85385898,5692393.2,20093063,525090,6127832.50783157
2016,"CLE","Cavaliers",105962520,7064168,22971000,8819,7481394.86373996
2016,"DAL","Mavericks",74040317,3525729.38095238,16400000,10000,4657611.6109009
2016,"DEN","Nuggets",72606354,3300288.81818182,1.4e+07,99418,3848997.05611984
2016,"DET","Pistons",76638790,3649466.19047619,1.6e+07,60000,4267639.81925264
2016,"GSW","Warriors",93707197,5856699.8125,15500000,458575,5310426.41359519
2016,"HOU","Rockets",90188412,5010467.33333333,22359364,83583,6233919.18118298
2016,"IND","Pacers",71286088,4193299.29411765,17120106,265058,4385895.95208249
2016,"LAC","Clippers",95585714,5310317.44444444,21468696,61776,7208966.51239279
2016,"LAL","Lakers",72415125,4023062.5,2.5e+07,35000,6438572.47810337
2016,"MEM","Grizzlies",83037255,3459885.625,19700000,30888,4680161.94767194
2016,"MIA","Heat",85826352,5364147,22192730,12355,7346657.25049113
2016,"MIL","Bucks",70993573,4176092.52941176,16400000,57726,4835715.70265516
2016,"MIN","Timberwolves",72458417,4262259.82352941,12365000,247623,3793339.25231473
2016,"NOP","Pelicans",84384711,3835668.68181818,15514031,44000,4650996.43169552
2016,"NYK","Knicks",75311181,3765559.05,22875000,50000,5627486.18125744
2016,"OKC","Thunder",94622660,6308177.33333333,20158622,352750,6616957.25356614
2016,"ORL","Magic",63349656,3334192.42105263,11250000,1e+05,3096854.6389765
2016,"PHI","Sixers",63646397,2767234.65217391,1.2e+07,172739,3084673.46210602
2016,"PHO","Suns",69701209,3168236.77272727,13086957,55722,4244070.57764303
2016,"POR","Trailblazers",61000674,3388926.33333333,9638554,525093,2682024.71332089
2016,"SAC","Kings",71840771,3991153.94444444,14728844,35000,4427799.7159939
2016,"SAS","Spurs",87365099,4853616.61111111,19500000,317475,6014367.92114823
2016,"TOR","Raptors",71934665,3596733.25,13500000,25000,4065879.55241077
2016,"UTA","Jazz",64783884,3084946.85714286,15409570,50000,4130076.70856871
2016,"WAS","Wizards",84237317,4679850.94444444,15851950,176375,4608789.15814421
2017,"ATL","Hawks",96007250,4800362.5,23180275,50000,6816303.32152694
2017,"BKN","Nets",84083139,3114190.33333333,21165675,31969,4624443.78912509
2017,"BOS","Celtics",93465328,4673266.4,26540100,25000,6116520.9943144
2017,"CHA","Hornets",90175926,5009773.66666667,20869566,119494,5970355.47132736
2017,"CHI","Bulls",92571387,5445375.70588235,23200000,69500,7017125.04389901
2017,"CLE","Cavaliers",127254579,7069698.83333333,30963450,5145,9105825.37699588
2017,"DAL","Mavericks",103994075,3999772.11538462,2.5e+07,20000,6953546.19347506
2017,"DEN","Nuggets",82573997,3590173.7826087,15050000,50000,4158212.18964331
2017,"DET","Pistons",108968495,5735183.94736842,22116750,11949,6309165.5897859
2017,"GSW","Warriors",101725589,4422851.69565217,26540100,35000,7047165.0199449
2017,"HOU","Rockets",90498298,5027683.22222222,26540100,11534,7351732.26415914
2017,"IND","Pacers",94008504,4476595.42857143,18314532,25000,5181032.21976044
2017,"LAC","Clippers",116237541,6457641.16666667,22868827,3e+05,7810464.66230631
2017,"LAL","Lakers",95226183,5011904.36842105,1.8e+07,60000,5380195.86314414
2017,"MEM","Grizzlies",111045893,5287899.66666667,26540100,25000,7979915.21661317
2017,"MIA","Heat",101818405,5090920.25,23741060,31969,7108818.29576256
2017,"MIL","Bucks",106512121,5325606.05,17100000,35166,5508525.30379599
2017,"MIN","Timberwolves",81621379,4295862.05263158,13550000,138414,3788827.59980355
2017,"NOP","Pelicans",101707386,4068295.44,22116750,20580,5922978.04157306
2017,"NYK","Knicks",103595894,5755327.44444444,24559380,1e+05,7628325.27579204
2017,"OKC","Thunder",91339949,4349521.38095238,26540100,50000,6464879.72596444
2017,"ORL","Magic",104110336,5783907.55555556,1.7e+07,31969,5959713.82482089
2017,"PHI","Sixers",85674275,3059795.53571429,11027027,38903,3458923.33229978
2017,"PHO","Suns",85115778,4053132.28571429,1.4e+07,23069,4469316.38906696
2017,"POR","Trailblazers",111872768,7458184.53333333,24328425,6e+05,7175845.17460345
2017,"SAC","Kings",96043092,4573480.57142857,13333333,82979,4155451.50961026
2017,"SAS","Spurs",108640621,5432031.05,20575005,75000,6967773.33428266
2017,"TOR","Raptors",108664969,5719208.89473684,26540100,50000,7158463.90300522
2017,"UTA","Jazz",80598193,4477677.38888889,16073140,75000,4835126.8594279
2017,"WAS","Wizards",102334382,5685243.44444444,22116750,175000,6641050.62707927
2018,"ATL","Hawks",99002495,4304456.30434783,16910113,26773,5017114.55582107
2018,"BKN","Nets",95722044,5982627.75,19332500,1312611,6133815.40131147
2018,"BOS","Celtics",109926833,7328455.53333333,29727900,92858,9780349.0705947
2018,"CHA","Hornets",117316719,8379765.64285714,23500000,815615,7830574.79865627
2018,"CHI","Bulls",84046990,4202349.5,15550000,17224,4605342.77660203
2018,"CLE","Cavaliers",137082833,9138855.53333333,33285709,1645200,9070945.98325778
2018,"DAL","Mavericks",86616514,5095089.05882353,23112004,50000,6302549.54097256
2018,"DEN","Nuggets",106868033,6679252.0625,31269231,1471382,7812671.9365708
2018,"DET","Pistons",116292753,6460708.5,23775506,25000,6477441.17625833
2018,"GSW","Warriors",137494845,8593427.8125,34682550,815615,10238067.755706
2018,"HOU","Rockets",117152769,6891339.35294118,28299399,25000,9020765.2716456
2018,"IND","Pacers",93605043,5506179,2.1e+07,1e+05,5905981.03669135
2018,"LAC","Clippers",119297226,6627623.66666667,29512900,3e+05,8806737.1812164
2018,"LAL","Lakers",104408568,5495187.78947368,22642350,50000,6854374.59598995
2018,"MEM","Grizzlies",112398102,6611653.05882353,28530608,815615,8981848.56498187
2018,"MIA","Heat",128182424,8011401.5,25289390,1312611,8154717.1018402
2018,"MIL","Bucks",119884837,6660268.72222222,22471910,50000,6214019.0157014
2018,"MIN","Timberwolves",117468554,7341784.625,19301070,1312611,6336262.70129429
2018,"NOP","Pelicans",122034101,6422847.42105263,25686667,25000,8046436.16458449
2018,"NYK","Knicks",106747886,5618309.78947368,20566802,50000,6243765.90429394
2018,"OKC","Thunder",134294056,8952937.06666667,28530608,815615,9922499.0372429
2018,"ORL","Magic",100045956,6252872.25,1.7e+07,333334,5343746.96614394
2018,"PHI","Sixers",99092999,5828999.94117647,2.3e+07,5e+05,6196319.28216123
2018,"PHO","Suns",90144813,5634050.8125,17884176,5e+05,5206381.30692323
2018,"POR","Trailblazers",122197920,7188112.94117647,26153057,333334,7993722.61049143
2018,"SAC","Kings",94838784,4991514.94736842,2e+07,517220,4974982.78461636
2018,"SAS","Spurs",116153554,6832562,21461010,815615,7197441.00525657
2018,"TOR","Raptors",117429381,7339336.3125,28703704,1e+05,9904300.5459606
2018,"UTA","Jazz",111201646,6950102.875,21974719,815615,6236813.33555928
2018,"WAS","Wizards",125179329,7363489.94117647,24773250,50000,8483687.10114436
